Location,Village,Coll. date,taxon,#,Specimen ID,MS ID,sex,2La (PCR),2Rb (PCR),2La (cyto),2Rb (cyto),notes,,Scor. date,Taxon,2Rj,2Rb,2Rc,2Rd,2Ru,2La,Karyotype
Savanna,ZEMBE-BORONGO,10/20/2009,gambiae s.l.,1,CM0901968,S,F,0,0,0,0,,,11/5/2009,A?,0,0,0,0,0,0,000000
Savanna,ZEMBE-BORONGO,10/20/2009,gambiae s.l.,1,CM0901969,S,F,1,1,1,1,,,11/5/2009,A,0,1,0,0,0,1,010001
Savanna,ZEMBE-BORONGO,10/20/2009,gambiae s.l.,1,CM0901970,S,F,1,2,1,2,,,11/5/2009,A,0,2,0,0,1,1,020011
Savanna,ZEMBE-BORONGO,10/20/2009,gambiae s.l.,1,CM0901971,S,F,2,1,0,1,,,11/5/2009,A,0,1,0,0,0,0,010000
Savanna,ZEMBE-BORONGO,10/20/2009,gambiae s.l.,1,CM0901973,S,F,0,0,0,0,,,11/5/2009,A,0,0,0,0,0,0,000000
Savanna,ZEMBE-BORONGO,10/20/2009,gambiae s.l.,1,CM0901974,S,F,1,2,1,2,,,11/5/2009,A,0,2,0,0,0,1,020001
Savanna,ZEMBE-BORONGO,10/20/2009,gambiae s.l.,1,CM0901975,S,F,1,2,1,2,,,11/5/2009,A,0,2,1,0,1,1,021011
Savanna,ZEMBE-BORONGO,10/20/2009,gambiae s.l.,1,CM0902002,S,F,2,1,2,1,,,11/5/2009,A?,0,1,0,0,0,2,010002
Savanna,ZEMBE-BORONGO,10/20/2009,gambiae s.l.,1,CM0902007,S,F,0,2,0,2,,,11/5/2009,A?,0,2,1,0,1,0,021010
Savanna,ZEMBE-BORONGO,10/21/2009,gambiae s.l.,1,CM0902023,S,F,2,2,2,2,,,11/5/2009,A,0,2,1,1,1,2,021112
Savanna,ZEMBE-BORONGO,10/21/2009,gambiae s.l.,1,CM0902024,S,F,0,1,0,1,,,11/5/2009,A,0,1,0,0,0,0,010000
Savanna,ZEMBE-BORONGO,10/21/2009,gambiae s.l.,1,CM0902025,S,F,2,2,2,2,,,11/5/2009,A?,0,2,0,0,0,2,020002
Savanna,ZEMBE-BORONGO,10/21/2009,gambiae s.l.,1,CM0902028,S,F,2,1,1,1,,,11/6/2009,A,0,1,0,0,0,1,010001
Savanna,ZEMBE-BORONGO,10/21/2009,gambiae s.l.,1,CM0902029,S,F,0,1,0,1,,,11/6/2009,A,0,1,0,0,0,0,010000
Savanna,ZEMBE-BORONGO,10/21/2009,gambiae s.l.,1,CM0902030,S,F,1,1,1,1,,,11/6/2009,A,0,1,0,0,0,1,010001
Savanna,ZEMBE-BORONGO,10/21/2009,gambiae s.l.,1,CM0902031,S,F,0,1,0,1,,,11/6/2009,A,0,1,0,0,0,0,010000
Savanna,ZEMBE-BORONGO,10/21/2009,gambiae s.l.,1,CM0902072,S,F,1,1,2,1,,,11/6/2009,A,0,1,0,0,0,2,010002
Savanna,ZEMBE-BORONGO,10/21/2009,gambiae s.l.,1,CM0902073,S,F,0,0,0,0,,,11/6/2009,A?,0,0,0,0,0,0,000000
Savanna,ZEMBE-BORONGO,10/21/2009,gambiae s.l.,1,CM0902074,S,F,2,1,2,1,,,11/6/2009,A?,0,1,0,0,0,2,010002
Savanna,ZEMBE-BORONGO,10/21/2009,gambiae s.l.,1,CM0902078,S,F,0,0,0,0,,,11/6/2009,A?,0,0,0,0,0,0,000000
Savanna,ZEMBE-BORONGO,10/21/2009,gambiae s.l.,1,CM0902079,S,F,1,2,1,2,,,11/6/2009,A,0,2,0,0,0,1,020001
Savanna,ZEMBE-BORONGO,10/21/2009,gambiae s.l.,1,CM0902080,S,F,2,1,2,1,,,11/6/2009,A,0,1,0,0,0,2,010002
Savanna,GADO-BADZERE,10/22/2009,gambiae s.l.,1,CM0902128,S,F,0,1,0,1,,,11/6/2009,A,0,1,0,0,0,0,010000
Savanna,GADO-BADZERE,10/22/2009,gambiae s.l.,1,CM0902131,S,F,1,1,1,1,,,11/9/2009,A,0,1,0,0,0,1,010001
Savanna,GADO-BADZERE,10/22/2009,gambiae s.l.,1,CM0902133,S,F,0,0,0,0,,,11/9/2009,A,0,0,0,0,0,0,000000
Savanna,GADO-BADZERE,10/22/2009,gambiae s.l.,1,CM0902156,S,F,1,2,1,2,,,11/9/2009,A,0,2,0,0,0,1,020001
Savanna,GADO-BADZERE,10/22/2009,gambiae s.l.,1,CM0902157,S,F,2,2,2,2,,,11/9/2009,A?,0,2,0,0,0,2,020002
Savanna,GADO-BADZERE,10/22/2009,gambiae s.l.,1,CM0902158,S,F,2,2,2,2,,,11/9/2009,A,0,2,0,0,0,2,020002
Savanna,GADO-BADZERE,10/22/2009,gambiae s.l.,1,CM0902159,S,F,2,1,2,1,,,11/9/2009,A,0,1,0,0,0,2,010002
Savanna,GADO-BADZERE,10/22/2009,gambiae s.l.,1,CM0902161,S,F,2,0,2,0,,,11/9/2009,A,0,0,0,0,0,2,000002
Savanna,GADO-BADZERE,10/22/2009,gambiae s.l.,1,CM0902163,S,F,1,2,1,2,,,11/9/2009,A,0,2,0,0,0,1,020001
Savanna,GADO-BADZERE,10/22/2009,gambiae s.l.,1,CM0902164,S,F,2,1,2,1,,,11/9/2009,A?,0,1,0,0,0,2,010002
Savanna,GADO-BADZERE,10/22/2009,gambiae s.l.,1,CM0902166,S,F,1,1,1,1,,,11/9/2009,A,0,1,0,0,0,1,010001
Savanna,GADO-BADZERE,10/22/2009,gambiae s.l.,1,CM0902172,S,F,1,1,1,1,,,11/9/2009,A,0,1,0,0,0,1,010001
Savanna,GADO-BADZERE,10/22/2009,gambiae s.l.,1,CM0902174,S,F,1,2,1,2,,,11/9/2009,A,0,2,0,0,0,1,020001
Savanna,GADO-BADZERE,10/23/2009,gambiae s.l.,1,CM0902206,S,F,0,2,0,2,,,11/16/2009,A,0,2,0,0,0,0,020000
Savanna,GADO-BADZERE,10/23/2009,gambiae s.l.,1,CM0902207,S,F,1,2,1,2,,,11/16/2009,A,0,2,1,0,1,1,021011
Savanna,GADO-BADZERE,10/23/2009,gambiae s.l.,1,CM0902229,S,F,1,0,1,0,,,11/16/2009,A,0,0,0,1,1,1,000111
Savanna,GADO-BADZERE,10/23/2009,gambiae s.l.,1,CM0902232,S,F,1,2,1,2,,,11/16/2009,A,0,2,0,1,1,1,020111
Savanna,GADO-BADZERE,10/23/2009,gambiae s.l.,1,CM0902244,S,F,1,2,1,2,,,11/16/2009,A,0,2,0,0,0,1,020001
Savanna,GADO-BADZERE,10/24/2009,gambiae s.l.,1,CM0902302,S,F,2,2,2,2,,,11/16/2009,A?,0,2,0,0,1,2,020012
Savanna,GADO-BADZERE,10/24/2009,gambiae s.l.,1,CM0902303,S,F,0,0,0,0,,,11/16/2009,A,0,0,0,0,0,0,000000
Savanna,GADO-BADZERE,10/24/2009,gambiae s.l.,1,CM0902304,S,F,0,1,0,1,,,11/16/2009,A,0,1,0,0,0,0,010000
Savanna,GADO-BADZERE,10/24/2009,gambiae s.l.,1,CM0902307,S,F,2,2,1,2,,,11/16/2009,A,0,2,0,0,0,1,020001
Savanna,GADO-BADZERE,10/24/2009,gambiae s.l.,1,CM0902342,S,F,1,1,1,1,,,11/17/2009,A,0,1,1,0,0,1,011001
Savanna,GADO-BADZERE,10/24/2009,gambiae s.l.,1,CM0902343,S,F,2,2,2,2,,,11/17/2009,A?,0,2,0,0,0,2,020002
Savanna,GADO-BADZERE,10/24/2009,gambiae s.l.,1,CM0902354,S,F,0,1,0,1,,,11/17/2009,A,0,1,0,0,0,0,010000
Savanna,GADO-BADZERE,10/24/2009,gambiae s.l.,1,CM0902357,S,F,2,1,2,1,,,11/17/2009,A,0,1,0,0,0,2,010002
Savanna,GADO-BADZERE,10/24/2009,gambiae s.l.,1,CM0902358,S,F,0,0,0,0,,,11/17/2009,A,0,0,0,0,0,0,000000
Savanna,GADO-BADZERE,10/24/2009,gambiae s.l.,1,CM0902359,S,F,1,2,1,2,,,11/17/2009,A,0,2,0,0,0,1,020001
Savanna,GADO-BADZERE,10/24/2009,gambiae s.l.,1,CM0902365,S,F,2,2,2,2,,,11/17/2009,A,0,2,0,0,0,2,020002
Savanna,GADO-BADZERE,10/24/2009,gambiae s.l.,1,CM0902366,S,F,1,1,1,1,,,11/17/2009,A,0,1,0,2,0,1,010201
Savanna,GADO-BADZERE,10/24/2009,gambiae s.l.,1,CM0902372,S,F,1,2,1,2,,,11/17/2009,A,0,2,0,0,0,1,020001
Savanna,GADO-BADZERE,10/24/2009,gambiae s.l.,1,CM0902373,S,F,2,1,2,1,,,11/17/2009,A?,0,1,0,0,0,2,010002
For/Sav,DAIGUENE,9/22/2009,gambiae s.l.,1,CM0901181,S,F,1,2,1,2,,,10/6/2009,A,0,2,0,1,1,1,020111
For/Sav,DAIGUENE,9/22/2009,gambiae s.l.,1,CM0901182,S,F,2,1,2,1,,,10/6/2009,A,0,1,0,0,0,2,010002
For/Sav,DAIGUENE,9/22/2009,gambiae s.l.,1,CM0901183,S,F,0,1,0,1,,,10/6/2009,A,0,1,0,0,0,0,010000
For/Sav,DAIGUENE,9/22/2009,gambiae s.l.,1,CM0901191,S,F,0,1,0,1,,,10/6/2009,A,0,1,0,0,0,0,010000
For/Sav,DAIGUENE,9/22/2009,gambiae s.l.,1,CM0901192,S,F,1,1,0,1,,,10/6/2009,A,0,1,0,0,0,0,010000
For/Sav,DAIGUENE,9/22/2009,gambiae s.l.,1,CM0901193,S,F,0,0,0,0,,,10/6/2009,A,0,0,0,0,1,0,000010
For/Sav,DAIGUENE,9/22/2009,gambiae s.l.,1,CM0901201,S,F,0,0,0,0,,,10/6/2009,A,0,0,0,0,0,0,000000
For/Sav,DAIGUENE,9/22/2009,gambiae s.l.,1,CM0901202,S,F,2,2,0,2,,,10/6/2009,A,0,2,0,0,0,0,020000
For/Sav,DAIGUENE,9/24/2009,gambiae s.l.,1,CM0901214,S,F,1,1,1,1,,,10/6/2009,A,0,1,0,0,0,1,010001
For/Sav,DAIGUENE,9/24/2009,gambiae s.l.,1,CM0901237,S,F,0,0,0,0,,,10/6/2009,A,0,0,0,0,0,0,000000
For/Sav,DAIGUENE,9/24/2009,gambiae s.l.,1,CM0901238,S,F,,0,0,0,,,10/6/2009,A,0,0,0,0,0,0,000000
For/Sav,DAIGUENE,9/24/2009,gambiae s.l.,1,CM0901239,S,F,0,1,0,1,,,10/6/2009,A,0,1,0,0,0,0,010000
For/Sav,DAIGUENE,9/24/2009,gambiae s.l.,1,CM0901240,S,F,0,0,0,0,,,10/9/2009,A,0,0,0,0,0,0,000000
For/Sav,DAIGUENE,9/24/2009,gambiae s.l.,1,CM0901241,S,F,0,0,0,0,,,10/9/2009,A,0,0,0,0,0,0,000000
For/Sav,DAIGUENE,9/24/2009,gambiae s.l.,1,CM0901242,S,F,1,2,1,2,,,10/9/2009,A,0,2,0,0,0,1,020001
For/Sav,DAIGUENE,9/24/2009,gambiae s.l.,1,CM0901243,S,F,0,0,0,0,,,10/9/2009,A,0,0,0,0,0,0,000000
For/Sav,DAIGUENE,9/24/2009,gambiae s.l.,1,CM0901244,S,F,0,0,0,0,,,10/9/2009,A,0,0,0,0,0,0,000000
For/Sav,DAIGUENE,9/24/2009,gambiae s.l.,1,CM0901245,S,F,0,0,0,0,,,10/9/2009,A,0,0,0,0,0,0,000000
For/Sav,DAIGUENE,9/26/2009,gambiae s.l.,1,CM0901280,S,F,,0,0,0,,,10/9/2009,A,0,0,0,0,0,0,000000
For/Sav,DAIGUENE,9/26/2009,gambiae s.l.,1,CM0901281,S,F,2,2,2,2,,,10/9/2009,A,0,2,0,0,0,2,020002
For/Sav,DAIGUENE,9/26/2009,gambiae s.l.,1,CM0901282,S,F,0,2,2,2,2La: 0 PCR; 2 cyto,,10/9/2009,A,0,2,0,0,0,2,020002
For/Sav,DAIGUENE,9/26/2009,gambiae s.l.,1,CM0901284,S,F,0,0,0,0,,,10/9/2009,A,0,0,0,0,0,0,000000
For/Sav,DAIGUENE,9/26/2009,gambiae s.l.,1,CM0901286,S,F,0,0,0,0,,,10/9/2009,A,0,0,0,0,0,0,000000
For/Sav,DAIGUENE,9/26/2009,gambiae s.l.,1,CM0901287,S,F,0,0,0,0,,,10/9/2009,A,0,0,0,0,0,0,000000
For/Sav,DAIGUENE,9/26/2009,gambiae s.l.,1,CM0901288,S,F,0,1,1,1,2La: 2 PCR; 1 cyto,,10/9/2009,A,0,1,0,0,0,1,010001
For/Sav,DAIGUENE,9/26/2009,gambiae s.l.,1,CM0901289,S,F,0,1,1,1,,,10/9/2009,A,0,1,0,0,0,1,010001
For/Sav,DAIGUENE,9/26/2009,gambiae s.l.,1,CM0901290,S,F,1,0,1,0,,,10/9/2009,A,0,0,0,0,0,1,000001
For/Sav,DAIGUENE,9/28/2009,gambiae s.l.,1,CM0901316,S,F,1,0,1,0,,,10/9/2009,A,0,0,0,0,0,1,000001
For/Sav,DAIGUENE,9/28/2009,gambiae s.l.,1,CM0901324,S,F,0,0,0,0,,,10/9/2009,A,0,0,0,0,0,0,000000
For/Sav,DAIGUENE,9/28/2009,gambiae s.l.,1,CM0901325,S,F,2,2,2,2,,,10/9/2009,A,0,2,0,0,0,2,020002
For/Sav,DAIGUENE,9/28/2009,gambiae s.l.,1,CM0901327,S,F,0,1,0,1,,,10/9/2009,A,0,1,0,0,0,0,010000
For/Sav,DAIGUENE,9/28/2009,gambiae s.l.,1,CM0901388,S,F,0,1,0,1,,,10/9/2009,A,0,1,0,0,0,0,010000
For/Sav,DAIGUENE,9/28/2009,gambiae s.l.,1,CM0901390,S,F,0,0,0,0,,,10/9/2009,A,0,0,0,0,0,0,000000
For/Sav,DAIGUENE,9/28/2009,gambiae s.l.,1,CM0901391,S,F,1,0,1,0,,,10/12/2009,A,0,0,0,0,0,1,000001
For/Sav,DAIGUENE,9/28/2009,gambiae s.l.,1,CM0901395,S,F,0,0,1,0,,,10/12/2009,A,0,0,0,0,0,1,000001
For/Sav,DAIGUENE,9/28/2009,gambiae s.l.,1,CM0901396,S,F,0,1,0,1,,,10/12/2009,A,0,1,0,0,0,0,010000
For/Sav,DAIGUENE,9/28/2009,gambiae s.l.,1,CM0901398,S,F,2,2,1,2,,,10/12/2009,A,0,2,0,0,0,1,020001
For/Sav,DAIGUENE,9/28/2009,gambiae s.l.,1,CM0901400,S,F,0,0,0,0,check cytogenetic results to make sure these are the right cytogenetic results,,10/12/2009,A,0,0,0,0,0,0,000000
For/Sav,DAIGUENE,9/28/2009,gambiae s.l.,1,CM0901403,S,F,0,1,0,1,,,10/12/2009,A,0,1,0,0,0,0,010000
For/Sav,DAIGUENE,9/28/2009,gambiae s.l.,1,CM0901404,S,F,1,0,1,0,,,10/12/2009,A,0,0,0,0,0,1,000001
For/Sav,DAIGUENE,9/28/2009,gambiae s.l.,1,CM0901405,S,F,0,1,0,1,,,10/12/2009,A,0,1,0,0,0,0,010000
For/Sav,DAIGUENE,9/28/2009,gambiae s.l.,1,CM0901407,S,F,0,0,0,0,,,10/12/2009,A,0,0,0,0,0,0,000000
For/Sav,DAIGUENE,9/28/2009,gambiae s.l.,1,CM0901409,S,F,0,0,0,0,,,10/12/2009,A,0,0,0,0,0,0,000000
For/Sav,DAIGUENE,9/28/2009,gambiae s.l.,1,CM0901410,S,F,2,0,1,0,,,10/12/2009,A,0,0,0,0,0,1,000001
For/Sav,DAIGUENE,9/28/2009,gambiae s.l.,1,CM0901412,S,F,0,0,0,0,,,10/12/2009,A,0,0,0,0,0,0,000000
For/Sav,DAIGUENE,9/28/2009,gambiae s.l.,1,CM0901413,S,F,0,0,0,0,,,10/12/2009,A,0,0,0,0,0,0,000000
For/Sav,DAIGUENE,9/28/2009,gambiae s.l.,1,CM0901414,S,F,0,1,0,1,,,10/12/2009,A,0,1,0,0,0,0,010000
For/Sav,DAIGUENE,10/2/2009,gambiae s.l.,1,CM0901860,S,F,0,0,0,0,,,11/4/2009,A,0,0,0,0,0,0,000000
For/Sav,DAIGUENE,10/2/2009,gambiae s.l.,1,CM0901861,S,F,0,0,0,0,,,11/4/2009,A,0,0,0,0,0,0,000000
For/Sav,DAIGUENE,10/2/2009,gambiae s.l.,1,CM0901862,S,F,0,0,0,0,,,11/4/2009,A,0,0,0,0,0,0,000000
For/Sav,DAIGUENE,10/2/2009,gambiae s.l.,1,CM0901863,S,F,0,0,0,0,,,11/4/2009,A,0,0,0,0,0,0,000000
For/Sav,DAIGUENE,10/2/2009,gambiae s.l.,1,CM0901871,S,F,1,0,1,0,,,11/5/2009,A,0,0,0,0,0,1,000001
For/Sav,DAIGUENE,10/2/2009,gambiae s.l.,1,CM0901877,S,F,0,0,0,0,,,11/5/2009,A,0,0,0,0,0,0,000000
Forest,NKOUMADJAP,9/29/2009,gambiae s.l.,1,CM0901539,S,F,0,1,0,1,,,10/13/2009,A,0,1,0,0,0,0,010000
Forest,NKOUMADJAP,9/29/2009,gambiae s.l.,1,CM0901545,S,F,1,1,0,1,,,10/13/2009,A,0,1,0,0,0,0,010000
Forest,NKOUMADJAP,9/29/2009,gambiae s.l.,1,CM0901547,S,F,0,1,0,1,,,10/13/2009,A,0,1,0,0,0,0,010000
Forest,NKOUMADJAP,9/29/2009,gambiae s.l.,1,CM0901548,S,F,0,0,0,0,,,10/13/2009,A,0,0,0,1,0,0,000100
Forest,NKOUMADJAP,9/29/2009,gambiae s.l.,1,CM0901549,S,F,1,0,1,0,,,10/13/2009,A,0,0,0,0,0,1,000001
Forest,MAYOS,9/30/2009,gambiae s.l.,1,CM0901553,S,F,0,0,0,0,,,10/13/2009,A,0,0,0,0,0,0,000000
Forest,MAYOS,9/30/2009,gambiae s.l.,1,CM0901554,S,F,0,1,0,1,,,10/30/2009,A,0,1,0,0,0,0,010000
Forest,MAYOS,9/30/2009,gambiae s.l.,1,CM0901555,S,F,0,0,0,0,,,10/30/2009,A,0,0,0,0,0,0,000000
Forest,MAYOS,9/30/2009,gambiae s.l.,1,CM0901558,S,F,0,1,0,1,,,10/30/2009,A?,0,1,2,#N/R,#N/R,0,012--0
Forest,MAYOS,9/30/2009,gambiae s.l.,1,CM0901559,S,F,0,0,#N/R,0,,,10/30/2009,#N/R,0,0,0,0,0,#N/R,00000-
Forest,MAYOS,9/30/2009,gambiae s.l.,1,CM0901560,S,F,0,0,0,0,,,10/30/2009,A,0,0,0,0,0,0,000000
Forest,MAYOS,9/30/2009,gambiae s.l.,1,CM0901561,S,F,0,2,0,2,,,10/30/2009,A,0,2,0,0,0,0,020000
Forest,MAYOS,9/30/2009,gambiae s.l.,1,CM0901562,S,F,0,0,0,0,,,10/30/2009,A,0,0,0,0,0,0,000000
Forest,MAYOS,9/30/2009,gambiae s.l.,1,CM0901564,S,F,0,0,0,0,"1565 is 1(2Rb), 0 (2La)  ??? Not sure why this isn't in my notes ??, not 1566 because this one was NR",,10/30/2009,A,0,0,0,0,0,0,000000
Forest,MAYOS,9/30/2009,gambiae s.l.,1,CM0901565,S,F,0,1,0,1,,,10/30/2009,A,0,1,0,0,1,0,010010
Forest,MAYOS,9/30/2009,gambiae s.l.,1,CM0901567,S,F,0,0,0,0,,,10/30/2009,A,0,0,0,0,0,0,000000
Forest,MAYOS,9/30/2009,gambiae s.l.,1,CM0901568,S,F,1,0,1,0,,,10/30/2009,A,0,0,0,0,0,1,000001
Forest,MAYOS,9/30/2009,gambiae s.l.,1,CM0901570,S,F,0,1,0,1,,,10/30/2009,A,0,1,0,0,0,0,010000
Forest,MAYOS,9/30/2009,gambiae s.l.,1,CM0901572,S,F,1,1,1,1,,,10/30/2009,A,0,1,0,0,0,1,010001
Forest,MAYOS,9/30/2009,gambiae s.l.,1,CM0901573,S,F,0,0,0,0,,,10/30/2009,A,0,0,0,0,0,0,000000
Forest,MAYOS,9/30/2009,gambiae s.l.,1,CM0901575,S,F,0,0,0,0,,,10/30/2009,A,0,0,0,0,0,0,000000
Forest,MAYOS,9/30/2009,gambiae s.l.,1,CM0901576,S,F,0,1,0,1,,,11/2/2009,A,0,1,0,0,0,0,010000
Forest,MAYOS,9/30/2009,gambiae s.l.,1,CM0901578,S,F,0,0,0,0,,,11/2/2009,A,0,0,0,0,0,0,000000
Forest,MAYOS,9/30/2009,gambiae s.l.,1,CM0901579,S,F,0,0,0,0,,,11/2/2009,A,0,0,0,0,0,0,000000
Forest,MAYOS,9/30/2009,gambiae s.l.,1,CM0901581,S,F,,1,0,1,,,11/2/2009,A,0,1,0,0,0,0,010000
Forest,MAYOS,9/30/2009,gambiae s.l.,1,CM0901582,S,F,0,0,0,0,,,11/2/2009,A,0,0,0,0,0,0,000000
Forest,MAYOS,9/30/2009,gambiae s.l.,1,CM0901583,S,F,0,1,0,1,,,11/2/2009,A,0,1,0,0,0,0,010000
Forest,MAYOS,9/30/2009,gambiae s.l.,1,CM0901584,S,F,0,1,0,1,,,11/2/2009,A,0,1,0,0,0,0,010000
Forest,MAYOS,9/30/2009,gambiae s.l.,1,CM0901585,S,F,1,1,#N/R,1,,,11/2/2009,A,0,1,0,0,0,#N/R,01000-
Forest,MAYOS,10/1/2009,gambiae s.l.,1,CM0901781,S,F,0,1,0,1,,,11/2/2009,A,0,1,0,0,0,0,010000
Forest,MAYOS,10/1/2009,gambiae s.l.,1,CM0901788,S,F,0,1,1,1,,,11/2/2009,A,0,1,0,0,0,1,010001
Forest,MAYOS,10/1/2009,gambiae s.l.,1,CM0901791,S,F,0,0,0,0,,,11/2/2009,A,0,0,0,0,0,0,000000
Forest,MAYOS,10/1/2009,gambiae s.l.,1,CM0901799,S,F,0,0,0,0,,,11/2/2009,A,0,0,0,0,0,0,000000
Forest,MAYOS,10/1/2009,gambiae s.l.,1,CM0901800,S,F,0,0,0,0,,,11/2/2009,A,0,0,0,0,0,0,000000
Forest,MAYOS,10/1/2009,gambiae s.l.,1,CM0901801,S,F,0,0,0,0,,,11/2/2009,A,0,0,0,0,0,0,000000
Forest,MAYOS,10/1/2009,gambiae s.l.,1,CM0901803,S,F,0,0,0,0,,,11/4/2009,A,0,0,0,0,0,0,000000
Forest,MAYOS,10/1/2009,gambiae s.l.,1,CM0901804,S,F,1,1,1,1,,,11/4/2009,A,0,1,0,0,0,1,010001
Forest,MAYOS,10/1/2009,gambiae s.l.,1,CM0901805,S,F,0,1,0,1,,,11/4/2009,A,0,1,0,0,0,0,010000
Forest,MAYOS,10/1/2009,gambiae s.l.,1,CM0901806,S,F,0,0,0,0,,,11/4/2009,A,0,0,0,0,0,0,000000
Forest,MAYOS,10/1/2009,gambiae s.l.,1,CM0901808,S,F,0,0,1,0,,,11/4/2009,A,0,0,0,0,0,1,000001
Forest,MAYOS,10/1/2009,gambiae s.l.,1,CM0901809,S,F,0,0,0,0,,,11/4/2009,A,0,0,0,0,0,0,000000
Forest,MAYOS,10/1/2009,gambiae s.l.,1,CM0901810,S,F,0,0,0,0,,,11/4/2009,A,0,0,0,0,0,0,000000
Forest,MAYOS,10/1/2009,gambiae s.l.,1,CM0901814,S,F,0,0,0,0,,,11/4/2009,A,0,0,0,0,0,0,000000
Forest,MAYOS,10/1/2009,gambiae s.l.,1,CM0901818,S,F,0,1,0,1,,,11/4/2009,A,0,1,0,0,0,0,010000
Savanna,GADO-BADZERE,10/22/2009,gambiae s.l.,1,CM0902162,S,F,2,2,2,1,,,11/9/2009,A,0,1,0,2,0,2,010202
Savanna,ZEMBE-BORONGO,10/20/2009,gambiae s.l.,1,CM0902006,S,F,0,2,0,1,,,11/5/2009,A,0,1,0,0,0,0,010000
Savanna,ZEMBE-BORONGO,10/21/2009,gambiae s.l.,1,CM0902077,S,F,0,2,0,1,,,11/6/2009,A,0,1,0,0,0,0,010000
Savanna,ZEMBE-BORONGO,10/21/2009,gambiae s.l.,1,CM0902081,S,F,1,0,1,1,,,11/6/2009,A,0,1,0,0,0,1,010001
Savanna,ZEMBE-BORONGO,10/21/2009,gambiae s.l.,1,CM0902082,S,F,0,0,0,1,,,11/6/2009,A?,0,1,0,2,0,0,010200
Savanna,GADO-BADZERE,10/24/2009,gambiae s.l.,1,CM0902301,S,F,1,1,1,2,,,11/16/2009,A,0,2,0,0,0,1,020001
Savanna,GADO-BADZERE,10/24/2009,gambiae s.l.,1,CM0902331,S,F,0,2,1,1,,,11/16/2009,A,0,1,2,0,0,1,012001
Savanna,GADO-BADZERE,10/24/2009,gambiae s.l.,1,CM0902341,S,F,0,1,0,2,,,11/16/2009,A,0,2,0,0,0,0,020000
Savanna,GADO-BADZERE,10/24/2009,gambiae s.l.,1,CM0902349,S,F,2,1,2,2,,,11/17/2009,A?,0,2,0,0,0,2,020002
Savanna,GADO-BADZERE,10/24/2009,gambiae s.l.,1,CM0902364,S,F,0,1,1,2,,,11/17/2009,A,0,2,0,0,0,1,020001
For/Sav,DAIGUENE,9/24/2009,gambiae s.l.,1,CM0901220,S,F,0,2,0,0,,,10/6/2009,A,0,0,0,0,0,0,000000
For/Sav,DAIGUENE,9/26/2009,gambiae s.l.,1,CM0901283,S,F,0,0,0,2,,,10/9/2009,A,0,2,0,0,0,0,020000
For/Sav,DAIGUENE,9/26/2009,gambiae s.l.,1,CM0901285,S,F,0,1,0,2,,,10/9/2009,A,0,2,0,0,0,0,020000
For/Sav,DAIGUENE,9/28/2009,gambiae s.l.,1,CM0901317,S,F,0,2,0,1,,,10/9/2009,A,0,1,0,0,0,0,010000
For/Sav,DAIGUENE,9/28/2009,gambiae s.l.,1,CM0901399,S,F,0,0,0,1,not sure what happened here.  Need to redo  :( ,,10/12/2009,A,0,1,0,0,0,0,010000
Forest,NKOUMADJAP,9/29/2009,gambiae s.l.,1,CM0901536,S,F,0,1,0,0,,,10/13/2009,A,0,0,0,0,1,0,000010
Forest,NKOUMADJAP,9/29/2009,gambiae s.l.,1,CM0901538,S,F,0,0,0,1,,,10/13/2009,A,0,1,0,0,0,0,010000
Forest,NKOUMADJAP,9/29/2009,gambiae s.l.,1,CM0901546,S,F,0,2,0,1,,,10/13/2009,A,0,1,0,0,0,0,010000
Forest,MAYOS,9/30/2009,gambiae s.l.,1,CM0901580,S,F,0,1,0,0,,,11/2/2009,A,0,0,0,0,0,0,000000
Forest,MAYOS,10/1/2009,gambiae s.l.,1,CM0901793,S,F,0,1,#N/R,0,,,11/2/2009,A,0,0,0,0,0,#N/R,00000-
,,,,,,,,,,,,,,,,,,,,,,
Savanna,ZEMBE-BORONGO,10/20/2009,gambiae s.l.,1,CM0901962,S,F,0,1,,,,,,,,,,,,,
Savanna,ZEMBE-BORONGO,10/20/2009,gambiae s.l.,1,CM0901963,S,F,0,1,,,,,,,,,,,,,
Savanna,ZEMBE-BORONGO,10/20/2009,gambiae s.l.,1,CM0901964,S,F,0,0,,,,,,,,,,,,,
Savanna,ZEMBE-BORONGO,10/20/2009,gambiae s.l.,1,CM0901965,S,F,0,,,,,,,,,,,,,,
Savanna,ZEMBE-BORONGO,10/20/2009,gambiae s.l.,1,CM0901966,S,F,,1,,,,,,,,,,,,,
Savanna,ZEMBE-BORONGO,10/20/2009,gambiae s.l.,1,CM0901967,S,F,1,1,,,,,,,,,,,,,
Savanna,ZEMBE-BORONGO,10/20/2009,gambiae s.l.,1,CM0901972,S,F,,,,,,,,,,,,,,,
Savanna,ZEMBE-BORONGO,10/20/2009,gambiae s.l.,1,CM0901976,S,F,1,0,,,,,,,,,,,,,
Savanna,ZEMBE-BORONGO,10/20/2009,gambiae s.l.,1,CM0901977,S,F,1,1,,,,,,,,,,,,,
Savanna,ZEMBE-BORONGO,10/20/2009,gambiae s.l.,1,CM0901978,S,F,0,1,,,,,,,,,,,,,
Savanna,ZEMBE-BORONGO,10/20/2009,gambiae s.l.,1,CM0901980,S,F,0,2,,,,,,,,,,,,,
Savanna,ZEMBE-BORONGO,10/20/2009,gambiae s.l.,1,CM0901982,S,F,1,0,,,,,,,,,,,,,
Savanna,ZEMBE-BORONGO,10/20/2009,gambiae s.l.,1,CM0901983,S,F,0,0,,,,,,,,,,,,,
Savanna,ZEMBE-BORONGO,10/20/2009,gambiae s.l.,1,CM0901984,S,F,2,2,,,,,,,,,,,,,
Savanna,ZEMBE-BORONGO,10/20/2009,gambiae s.l.,1,CM0901985,S,F,1,1,,,,,,,,,,,,,
Savanna,ZEMBE-BORONGO,10/20/2009,gambiae s.l.,1,CM0901986,S,F,1,2,,,,,,,,,,,,,
Savanna,ZEMBE-BORONGO,10/20/2009,gambiae s.l.,1,CM0901987,S,F,1,2,,,,,,,,,,,,,
Savanna,ZEMBE-BORONGO,10/20/2009,gambiae s.l.,1,CM0901988,S,F,0,0,,,,,,,,,,,,,
Savanna,ZEMBE-BORONGO,10/20/2009,gambiae s.l.,1,CM0901990,S,F,0,0,,,,,,,,,,,,,
Savanna,ZEMBE-BORONGO,10/20/2009,gambiae s.l.,1,CM0901991,S,F,0,1,,,,,,,,,,,,,
Savanna,ZEMBE-BORONGO,10/20/2009,gambiae s.l.,1,CM0901992,S,F,1,1,,,,,,,,,,,,,
Savanna,ZEMBE-BORONGO,10/20/2009,gambiae s.l.,1,CM0901993,S,F,1,1,,,,,,,,,,,,,
Savanna,ZEMBE-BORONGO,10/20/2009,gambiae s.l.,1,CM0901994,S,F,0,0,,,,,,,,,,,,,
Savanna,ZEMBE-BORONGO,10/20/2009,gambiae s.l.,1,CM0901995,S,F,0,1,,,,,,,,,,,,,
Savanna,ZEMBE-BORONGO,10/20/2009,gambiae s.l.,1,CM0901996,S,F,1,0,,,,,,,,,,,,,
Savanna,ZEMBE-BORONGO,10/20/2009,gambiae s.l.,1,CM0901997,S,F,0,0,,,,,,,,,,,,,
Savanna,ZEMBE-BORONGO,10/20/2009,gambiae s.l.,1,CM0901998,S,F,0,0,,,,,,,,,,,,,
Savanna,ZEMBE-BORONGO,10/20/2009,gambiae s.l.,1,CM0901999,S,F,1,2,,,,,,,,,,,,,
Savanna,ZEMBE-BORONGO,10/20/2009,gambiae s.l.,1,CM0902000,S,F,0,1,,,,,,,,,,,,,
Savanna,ZEMBE-BORONGO,10/20/2009,gambiae s.l.,1,CM0902001,S,F,0,0,,,,,,,,,,,,,
Savanna,ZEMBE-BORONGO,10/20/2009,gambiae s.l.,1,CM0902003,S,F,1,0,,,,,,,,,,,,,
Savanna,ZEMBE-BORONGO,10/20/2009,gambiae s.l.,1,CM0902004,S,F,,0,,,,,,,,,,,,,
Savanna,ZEMBE-BORONGO,10/20/2009,gambiae s.l.,1,CM0902005,S,F,,2,,,,,,,,,,,,,
Savanna,ZEMBE-BORONGO,10/20/2009,gambiae s.l.,1,CM0902008,,F,1,1,,,,,,,,,,,,,
Savanna,ZEMBE-BORONGO,10/20/2009,gambiae s.l.,1,CM0902009,,F,2,2,,,,,,,,,,,,,
Savanna,ZEMBE-BORONGO,10/20/2009,gambiae s.l.,1,CM0902010,,F,1,1,,,,,,,,,,,,,
Savanna,ZEMBE-BORONGO,10/20/2009,gambiae s.l.,1,CM0902011,,F,1,1,,,,,,,,,,,,,
Savanna,ZEMBE-BORONGO,10/20/2009,gambiae s.l.,1,CM0902012,S,F,2,2,,,,,,,,,,,,,
Savanna,ZEMBE-BORONGO,10/20/2009,gambiae s.l.,1,CM0902013,S,F,1,0,,,,,,,,,,,,,
Savanna,ZEMBE-BORONGO,10/20/2009,gambiae s.l.,1,CM0902014,S,F,1,,,,,,,,,,,,,,
Savanna,ZEMBE-BORONGO,10/20/2009,gambiae s.l.,1,CM0902015,S,F,2,2,,,,,,,,,,,,,
Savanna,ZEMBE-BORONGO,10/20/2009,gambiae s.l.,1,CM0902016,S,F,2,2,,,,,,,,,,,,,
Savanna,ZEMBE-BORONGO,10/20/2009,gambiae s.l.,1,CM0902017,S,F,0,0,,,,,,,,,,,,,
Savanna,ZEMBE-BORONGO,10/20/2009,gambiae s.l.,1,CM0902018,S,F,2,2,,,,,,,,,,,,,
Savanna,ZEMBE-BORONGO,10/20/2009,gambiae s.l.,1,CM0902019,S,M,0,,,,,,,,,,,,,,
Savanna,ZEMBE-BORONGO,10/20/2009,gambiae s.l.,1,CM0902020,S,M,0,,,,,,,,,,,,,,
Savanna,ZEMBE-BORONGO,10/20/2009,gambiae s.l.,1,CM0902021,S,M,2,2,,,,,,,,,,,,,
Savanna,ZEMBE-BORONGO,10/20/2009,gambiae s.l.,1,CM0902022,S,M,1,2,,,,,,,,,,,,,
Savanna,ZEMBE-BORONGO,10/21/2009,gambiae s.l.,1,CM0902026,S,F,2,,#N/R,#N/R,,,11/5/2009,#N/R,#N/R,#N/R,#N/R,#N/R,#N/R,#N/R,------
Savanna,ZEMBE-BORONGO,10/21/2009,gambiae s.l.,1,CM0902027,S,F,0,1,#N/R,#N/R,,,11/6/2009,#N/R,#N/R,#N/R,#N/R,#N/R,#N/R,#N/R,------
Savanna,ZEMBE-BORONGO,10/21/2009,gambiae s.l.,1,CM0902032,S,F,0,0,,,,,,,,,,,,,
Savanna,ZEMBE-BORONGO,10/21/2009,gambiae s.l.,1,CM0902033,S,F,2,2,,,,,,,,,,,,,
Savanna,ZEMBE-BORONGO,10/21/2009,gambiae s.l.,1,CM0902034,S,F,0,1,,,,,,,,,,,,,
Savanna,ZEMBE-BORONGO,10/21/2009,gambiae s.l.,1,CM0902035,S,F,1,2,,,,,,,,,,,,,
Savanna,ZEMBE-BORONGO,10/21/2009,gambiae s.l.,1,CM0902036,S,F,0,2,,,,,,,,,,,,,
Savanna,ZEMBE-BORONGO,10/21/2009,gambiae s.l.,1,CM0902037,S,F,0,2,,,,,,,,,,,,,
Savanna,ZEMBE-BORONGO,10/21/2009,gambiae s.l.,1,CM0902038,S,F,2,1,,,,,,,,,,,,,
Savanna,ZEMBE-BORONGO,10/21/2009,gambiae s.l.,1,CM0902039,S,F,0,1,,,,,,,,,,,,,
Savanna,ZEMBE-BORONGO,10/21/2009,gambiae s.l.,1,CM0902040,S,F,0,1,,,,,,,,,,,,,
Savanna,ZEMBE-BORONGO,10/21/2009,gambiae s.l.,1,CM0902041,S,F,2,1,,,,,,,,,,,,,
Savanna,ZEMBE-BORONGO,10/21/2009,gambiae s.l.,1,CM0902042,S,F,0,1,,,,,,,,,,,,,
Savanna,ZEMBE-BORONGO,10/21/2009,gambiae s.l.,1,CM0902043,S,F,0,1,,,,,,,,,,,,,
Savanna,ZEMBE-BORONGO,10/21/2009,gambiae s.l.,1,CM0902044,S,F,0,,,,,,,,,,,,,,
Savanna,ZEMBE-BORONGO,10/21/2009,gambiae s.l.,1,CM0902045,S,F,0,1,,,,,,,,,,,,,
Savanna,ZEMBE-BORONGO,10/21/2009,gambiae s.l.,1,CM0902046,S,F,,,,,,,,,,,,,,,
Savanna,ZEMBE-BORONGO,10/21/2009,gambiae s.l.,1,CM0902047,S,F,1,1,,,,,,,,,,,,,
Savanna,ZEMBE-BORONGO,10/21/2009,gambiae s.l.,1,CM0902048,S,F,0,2,,,,,,,,,,,,,
Savanna,ZEMBE-BORONGO,10/21/2009,gambiae s.l.,1,CM0902049,S,F,,2,,,,,,,,,,,,,
Savanna,ZEMBE-BORONGO,10/21/2009,gambiae s.l.,1,CM0902050,S,F,0,0,,,,,,,,,,,,,
Savanna,ZEMBE-BORONGO,10/21/2009,gambiae s.l.,1,CM0902051,S,F,0,1,,,,,,,,,,,,,
Savanna,ZEMBE-BORONGO,10/21/2009,gambiae s.l.,1,CM0902052,S,F,0,1,,,,,,,,,,,,,
Savanna,ZEMBE-BORONGO,10/21/2009,gambiae s.l.,1,CM0902053,S,F,2,1,,,,,,,,,,,,,
Savanna,ZEMBE-BORONGO,10/21/2009,gambiae s.l.,1,CM0902054,S,F,2,2,,,,,,,,,,,,,
Savanna,ZEMBE-BORONGO,10/21/2009,gambiae s.l.,1,CM0902055,S,F,1,0,,,,,,,,,,,,,
Savanna,ZEMBE-BORONGO,10/21/2009,gambiae s.l.,1,CM0902056,S,F,0,1,,,,,,,,,,,,,
Savanna,ZEMBE-BORONGO,10/21/2009,gambiae s.l.,1,CM0902057,S,F,1,0,,,,,,,,,,,,,
Savanna,ZEMBE-BORONGO,10/21/2009,gambiae s.l.,1,CM0902058,S,F,2,1,,,,,,,,,,,,,
Savanna,ZEMBE-BORONGO,10/21/2009,gambiae s.l.,1,CM0902059,S,F,0,1,,,,,,,,,,,,,
Savanna,ZEMBE-BORONGO,10/21/2009,gambiae s.l.,1,CM0902060,,F,,,,,,,,,,,,,,,
Savanna,ZEMBE-BORONGO,10/21/2009,gambiae s.l.,1,CM0902061,,F,,,,,,,,,,,,,,,
Savanna,ZEMBE-BORONGO,10/21/2009,gambiae s.l.,1,CM0902062,,F,,,,,,,,,,,,,,,
Savanna,ZEMBE-BORONGO,10/21/2009,gambiae s.l.,1,CM0902063,,F,,,,,,,,,,,,,,,
Savanna,ZEMBE-BORONGO,10/21/2009,gambiae s.l.,1,CM0902064,,F,,,,,,,,,,,,,,,
Savanna,ZEMBE-BORONGO,10/21/2009,gambiae s.l.,1,CM0902065,,F,,,,,,,,,,,,,,,
Savanna,ZEMBE-BORONGO,10/21/2009,gambiae s.l.,1,CM0902066,,F,,,,,,,,,,,,,,,
Savanna,ZEMBE-BORONGO,10/21/2009,gambiae s.l.,1,CM0902067,,F,,,,,,,,,,,,,,,
Savanna,ZEMBE-BORONGO,10/21/2009,gambiae s.l.,1,CM0902068,,F,,,,,,,,,,,,,,,
Savanna,ZEMBE-BORONGO,10/21/2009,gambiae s.l.,1,CM0902069,,F,,,,,,,,,,,,,,,
Savanna,ZEMBE-BORONGO,10/21/2009,gambiae s.l.,1,CM0902070,,M,,,,,,,,,,,,,,,
Savanna,ZEMBE-BORONGO,10/21/2009,gambiae s.l.,1,CM0902071,,M,,,,,,,,,,,,,,,
Savanna,ZEMBE-BORONGO,10/21/2009,gambiae s.l.,1,CM0902075,S,F,0,0,#N/R,#N/R,,,11/6/2009,#N/R,#N/R,#N/R,#N/R,#N/R,#N/R,#N/R,------
Savanna,ZEMBE-BORONGO,10/21/2009,gambiae s.l.,1,CM0902076,S,F,1,0,#N/R,#N/R,,,11/6/2009,#N/R,#N/R,#N/R,#N/R,#N/R,#N/R,#N/R,------
Savanna,ZEMBE-BORONGO,10/21/2009,gambiae s.l.,1,CM0902083,,F,,,,,,,,,,,,,,,
Savanna,ZEMBE-BORONGO,10/21/2009,gambiae s.l.,1,CM0902084,,F,,,,,,,,,,,,,,,
Savanna,ZEMBE-BORONGO,10/21/2009,gambiae s.l.,1,CM0902085,,F,,,,,,,,,,,,,,,
Savanna,ZEMBE-BORONGO,10/21/2009,gambiae s.l.,1,CM0902086,,F,,,,,,,,,,,,,,,
Savanna,ZEMBE-BORONGO,10/21/2009,gambiae s.l.,1,CM0902087,,F,,,,,,,,,,,,,,,
Savanna,ZEMBE-BORONGO,10/21/2009,gambiae s.l.,1,CM0902088,,F,,,,,,,,,,,,,,,
Savanna,ZEMBE-BORONGO,10/21/2009,gambiae s.l.,1,CM0902089,,F,,,,,,,,,,,,,,,
Savanna,ZEMBE-BORONGO,10/21/2009,gambiae s.l.,1,CM0902090,,F,,,,,,,,,,,,,,,
Savanna,ZEMBE-BORONGO,10/21/2009,gambiae s.l.,1,CM0902091,,F,,,,,,,,,,,,,,,
Savanna,ZEMBE-BORONGO,10/21/2009,gambiae s.l.,1,CM0902092,,F,,,,,,,,,,,,,,,
Savanna,ZEMBE-BORONGO,10/21/2009,gambiae s.l.,1,CM0902093,,F,,,,,,,,,,,,,,,
Savanna,ZEMBE-BORONGO,10/21/2009,gambiae s.l.,1,CM0902094,,F,,,,,,,,,,,,,,,
Savanna,ZEMBE-BORONGO,10/21/2009,gambiae s.l.,1,CM0902095,,F,,,,,,,,,,,,,,,
Savanna,ZEMBE-BORONGO,10/21/2009,gambiae s.l.,1,CM0902096,,F,,,,,,,,,,,,,,,
Savanna,ZEMBE-BORONGO,10/21/2009,gambiae s.l.,1,CM0902097,,F,,,,,,,,,,,,,,,
Savanna,ZEMBE-BORONGO,10/21/2009,gambiae s.l.,1,CM0902098,,F,,,,,,,,,,,,,,,
Savanna,ZEMBE-BORONGO,10/21/2009,gambiae s.l.,1,CM0902099,,F,,,,,,,,,,,,,,,
Savanna,ZEMBE-BORONGO,10/21/2009,gambiae s.l.,1,CM0902100,,F,,,,,,,,,,,,,,,
Savanna,ZEMBE-BORONGO,10/21/2009,gambiae s.l.,1,CM0902101,,F,,,,,,,,,,,,,,,
Savanna,ZEMBE-BORONGO,10/21/2009,gambiae s.l.,1,CM0902102,,F,,,,,,,,,,,,,,,
Savanna,ZEMBE-BORONGO,10/21/2009,gambiae s.l.,1,CM0902103,,F,,,,,,,,,,,,,,,
Savanna,ZEMBE-BORONGO,10/21/2009,gambiae s.l.,1,CM0902104,,F,,,,,,,,,,,,,,,
Savanna,ZEMBE-BORONGO,10/21/2009,gambiae s.l.,1,CM0902105,,F,,,,,,,,,,,,,,,
Savanna,ZEMBE-BORONGO,10/21/2009,gambiae s.l.,1,CM0902106,,F,,,,,,,,,,,,,,,
Savanna,ZEMBE-BORONGO,10/21/2009,gambiae s.l.,1,CM0902107,,F,,,,,,,,,,,,,,,
Savanna,ZEMBE-BORONGO,10/21/2009,gambiae s.l.,1,CM0902108,,F,,,,,,,,,,,,,,,
Savanna,ZEMBE-BORONGO,10/21/2009,gambiae s.l.,1,CM0902109,,F,,,,,,,,,,,,,,,
Savanna,ZEMBE-BORONGO,10/21/2009,gambiae s.l.,1,CM0902110,,F,,,,,,,,,,,,,,,
Savanna,ZEMBE-BORONGO,10/21/2009,gambiae s.l.,1,CM0902111,,F,,,,,,,,,,,,,,,
Savanna,ZEMBE-BORONGO,10/21/2009,gambiae s.l.,1,CM0902112,,F,,,,,,,,,,,,,,,
Savanna,ZEMBE-BORONGO,10/21/2009,gambiae s.l.,1,CM0902113,,F,,,,,,,,,,,,,,,
Savanna,ZEMBE-BORONGO,10/21/2009,gambiae s.l.,1,CM0902114,,F,,,,,,,,,,,,,,,
Savanna,ZEMBE-BORONGO,10/21/2009,gambiae s.l.,1,CM0902115,,F,,,,,,,,,,,,,,,
Savanna,ZEMBE-BORONGO,10/21/2009,gambiae s.l.,1,CM0902116,,F,,,,,,,,,,,,,,,
Savanna,ZEMBE-BORONGO,10/21/2009,gambiae s.l.,1,CM0902117,,F,,,,,,,,,,,,,,,
Savanna,ZEMBE-BORONGO,10/21/2009,gambiae s.l.,1,CM0902118,,F,,,,,,,,,,,,,,,
Savanna,ZEMBE-BORONGO,10/21/2009,gambiae s.l.,1,CM0902119,,F,,,,,,,,,,,,,,,
Savanna,ZEMBE-BORONGO,10/21/2009,gambiae s.l.,1,CM0902120,,F,,,,,,,,,,,,,,,
Savanna,ZEMBE-BORONGO,10/21/2009,gambiae s.l.,1,CM0902121,,F,,,,,,,,,,,,,,,
Savanna,ZEMBE-BORONGO,10/21/2009,gambiae s.l.,1,CM0902122,,F,,,,,,,,,,,,,,,
Savanna,GADO-BADZERE,10/22/2009,gambiae s.l.,1,CM0902125,,F,,,,,,,,,,,,,,,
Savanna,GADO-BADZERE,10/22/2009,gambiae s.l.,1,CM0902126,S,F,1,1,#N/R,#N/R,,,11/6/2009,#N/R,#N/R,#N/R,#N/R,#N/R,#N/R,#N/R,------
Savanna,GADO-BADZERE,10/22/2009,gambiae s.l.,1,CM0902127,S,F,1,1,#N/R,#N/R,,,11/6/2009,#N/R,#N/R,#N/R,#N/R,#N/R,#N/R,#N/R,------
Savanna,GADO-BADZERE,10/22/2009,gambiae s.l.,1,CM0902129,S,F,0,1,,,,,,,,,,,,,
Savanna,GADO-BADZERE,10/22/2009,gambiae s.l.,1,CM0902130,S,F,1,1,#N/R,#N/R,,,11/6/2009,#N/R,#N/R,#N/R,#N/R,#N/R,#N/R,#N/R,------
Savanna,GADO-BADZERE,10/22/2009,gambiae s.l.,1,CM0902134,,F,,,,,,,,,,,,,,,
Savanna,GADO-BADZERE,10/22/2009,gambiae s.l.,1,CM0902135,,F,,,,,,,,,,,,,,,
Savanna,GADO-BADZERE,10/22/2009,gambiae s.l.,1,CM0902136,,F,,,,,,,,,,,,,,,
Savanna,GADO-BADZERE,10/22/2009,gambiae s.l.,1,CM0902137,,F,,,,,,,,,,,,,,,
Savanna,GADO-BADZERE,10/22/2009,gambiae s.l.,1,CM0902138,,F,,,,,,,,,,,,,,,
Savanna,GADO-BADZERE,10/22/2009,gambiae s.l.,1,CM0902139,,F,,,,,,,,,,,,,,,
Savanna,GADO-BADZERE,10/22/2009,gambiae s.l.,1,CM0902140,,F,,,,,,,,,,,,,,,
Savanna,GADO-BADZERE,10/22/2009,gambiae s.l.,1,CM0902141,,F,,,,,,,,,,,,,,,
Savanna,GADO-BADZERE,10/22/2009,gambiae s.l.,1,CM0902142,,F,,,,,,,,,,,,,,,
Savanna,GADO-BADZERE,10/22/2009,gambiae s.l.,1,CM0902143,,F,,,,,,,,,,,,,,,
Savanna,GADO-BADZERE,10/22/2009,gambiae s.l.,1,CM0902144,,F,,,,,,,,,,,,,,,
Savanna,GADO-BADZERE,10/22/2009,gambiae s.l.,1,CM0902145,,F,,,,,,,,,,,,,,,
Savanna,GADO-BADZERE,10/22/2009,gambiae s.l.,1,CM0902146,,F,,,,,,,,,,,,,,,
Savanna,GADO-BADZERE,10/22/2009,gambiae s.l.,1,CM0902147,,F,,,,,,,,,,,,,,,
Savanna,GADO-BADZERE,10/22/2009,gambiae s.l.,1,CM0902148,,F,,,,,,,,,,,,,,,
Savanna,GADO-BADZERE,10/22/2009,gambiae s.l.,1,CM0902149,,F,,,,,,,,,,,,,,,
Savanna,GADO-BADZERE,10/22/2009,gambiae s.l.,1,CM0902150,,F,,,,,,,,,,,,,,,
Savanna,GADO-BADZERE,10/22/2009,gambiae s.l.,1,CM0902151,,F,,,,,,,,,,,,,,,
Savanna,GADO-BADZERE,10/22/2009,gambiae s.l.,1,CM0902152,,F,,,,,,,,,,,,,,,
Savanna,GADO-BADZERE,10/22/2009,gambiae s.l.,1,CM0902153,,F,,,,,,,,,,,,,,,
Savanna,GADO-BADZERE,10/22/2009,gambiae s.l.,1,CM0902154,,F,,,,,,,,,,,,,,,
Savanna,GADO-BADZERE,10/22/2009,gambiae s.l.,1,CM0902160,S,F,0,1,#N/R,#N/R,,,11/9/2009,#N/R,#N/R,#N/R,#N/R,#N/R,#N/R,#N/R,------
Savanna,GADO-BADZERE,10/22/2009,gambiae s.l.,1,CM0902165,S,F,1,,#N/R,#N/R,,,11/9/2009,#N/R,#N/R,#N/R,#N/R,#N/R,#N/R,#N/R,------
Savanna,GADO-BADZERE,10/22/2009,gambiae s.l.,1,CM0902167,,F,,,,,,,,,,,,,,,
Savanna,GADO-BADZERE,10/22/2009,gambiae s.l.,1,CM0902168,,F,,,,,,,,,,,,,,,
Savanna,GADO-BADZERE,10/22/2009,gambiae s.l.,1,CM0902169,,F,,,,,,,,,,,,,,,
Savanna,GADO-BADZERE,10/22/2009,gambiae s.l.,1,CM0902170,,F,,,,,,,,,,,,,,,
Savanna,GADO-BADZERE,10/22/2009,gambiae s.l.,1,CM0902171,,F,,,,,,,,,,,,,,,
Savanna,GADO-BADZERE,10/22/2009,gambiae s.l.,1,CM0902173,,F,,,,,,,,,,,,,,,
Savanna,GADO-BADZERE,10/22/2009,gambiae s.l.,1,CM0902175,,F,,,,,,,,,,,,,,,
Savanna,GADO-BADZERE,10/22/2009,gambiae s.l.,1,CM0902176,,F,,,,,,,,,,,,,,,
Savanna,GADO-BADZERE,10/22/2009,gambiae s.l.,1,CM0902177,,F,,,,,,,,,,,,,,,
Savanna,GADO-BADZERE,10/22/2009,gambiae s.l.,1,CM0902178,,F,,,,,,,,,,,,,,,
Savanna,GADO-BADZERE,10/22/2009,gambiae s.l.,1,CM0902179,,F,,,,,,,,,,,,,,,
Savanna,GADO-BADZERE,10/22/2009,gambiae s.l.,1,CM0902180,,F,,,,,,,,,,,,,,,
Savanna,GADO-BADZERE,10/22/2009,gambiae s.l.,1,CM0902181,,F,,,,,,,,,,,,,,,
Savanna,GADO-BADZERE,10/22/2009,gambiae s.l.,1,CM0902182,,F,,,,,,,,,,,,,,,
Savanna,GADO-BADZERE,10/22/2009,gambiae s.l.,1,CM0902183,,F,,,,,,,,,,,,,,,
Savanna,GADO-BADZERE,10/22/2009,gambiae s.l.,1,CM0902184,,F,,,,,,,,,,,,,,,
Savanna,GADO-BADZERE,10/22/2009,gambiae s.l.,1,CM0902185,,F,,,,,,,,,,,,,,,
Savanna,GADO-BADZERE,10/23/2009,gambiae s.l.,1,CM0902186,,F,,,,,,,,,,,,,,,
Savanna,GADO-BADZERE,10/23/2009,gambiae s.l.,1,CM0902187,,F,,,,,,,,,,,,,,,
Savanna,GADO-BADZERE,10/23/2009,gambiae s.l.,1,CM0902188,,F,,,,,,,,,,,,,,,
Savanna,GADO-BADZERE,10/23/2009,gambiae s.l.,1,CM0902189,,F,,,,,,,,,,,,,,,
Savanna,GADO-BADZERE,10/23/2009,gambiae s.l.,1,CM0902190,,F,,,,,,,,,,,,,,,
Savanna,GADO-BADZERE,10/23/2009,gambiae s.l.,1,CM0902191,,F,,,,,,,,,,,,,,,
Savanna,GADO-BADZERE,10/23/2009,gambiae s.l.,1,CM0902192,,F,,,,,,,,,,,,,,,
Savanna,GADO-BADZERE,10/23/2009,gambiae s.l.,1,CM0902193,,F,,,,,,,,,,,,,,,
Savanna,GADO-BADZERE,10/23/2009,gambiae s.l.,1,CM0902194,,F,,,,,,,,,,,,,,,
Savanna,GADO-BADZERE,10/23/2009,gambiae s.l.,1,CM0902195,,F,,,,,,,,,,,,,,,
Savanna,GADO-BADZERE,10/23/2009,gambiae s.l.,1,CM0902196,,F,,,,,,,,,,,,,,,
Savanna,GADO-BADZERE,10/23/2009,gambiae s.l.,1,CM0902197,,F,,,,,,,,,,,,,,,
Savanna,GADO-BADZERE,10/23/2009,gambiae s.l.,1,CM0902198,,F,,,,,,,,,,,,,,,
Savanna,GADO-BADZERE,10/23/2009,gambiae s.l.,1,CM0902199,,F,,,,,,,,,,,,,,,
Savanna,GADO-BADZERE,10/23/2009,gambiae s.l.,1,CM0902200,,F,,,,,,,,,,,,,,,
Savanna,GADO-BADZERE,10/23/2009,gambiae s.l.,1,CM0902201,,F,,,,,,,,,,,,,,,
Savanna,GADO-BADZERE,10/23/2009,gambiae s.l.,1,CM0902202,,F,,,,,,,,,,,,,,,
Savanna,GADO-BADZERE,10/23/2009,gambiae s.l.,1,CM0902203,,F,,,,,,,,,,,,,,,
Savanna,GADO-BADZERE,10/23/2009,gambiae s.l.,1,CM0902204,,F,,,,,,,,,,,,,,,
Savanna,GADO-BADZERE,10/23/2009,gambiae s.l.,1,CM0902205,,F,,,,,,,,,,,,,,,
Savanna,GADO-BADZERE,10/23/2009,gambiae s.l.,1,CM0902208,,F,,,,,,,,,,,,,,,
Savanna,GADO-BADZERE,10/23/2009,gambiae s.l.,1,CM0902209,,F,,,,,,,,,,,,,,,
Savanna,GADO-BADZERE,10/23/2009,gambiae s.l.,1,CM0902210,,F,,,,,,,,,,,,,,,
Savanna,GADO-BADZERE,10/23/2009,gambiae s.l.,1,CM0902211,,F,,,,,,,,,,,,,,,
Savanna,GADO-BADZERE,10/23/2009,gambiae s.l.,1,CM0902212,,F,,,,,,,,,,,,,,,
Savanna,GADO-BADZERE,10/23/2009,gambiae s.l.,1,CM0902213,,F,,,,,,,,,,,,,,,
Savanna,GADO-BADZERE,10/23/2009,gambiae s.l.,1,CM0902214,,F,,,,,,,,,,,,,,,
Savanna,GADO-BADZERE,10/23/2009,gambiae s.l.,1,CM0902215,,F,,,,,,,,,,,,,,,
Savanna,GADO-BADZERE,10/23/2009,gambiae s.l.,1,CM0902216,,F,,,,,,,,,,,,,,,
Savanna,GADO-BADZERE,10/23/2009,gambiae s.l.,1,CM0902217,,F,,,,,,,,,,,,,,,
Savanna,GADO-BADZERE,10/23/2009,gambiae s.l.,1,CM0902218,,F,,,,,,,,,,,,,,,
Savanna,GADO-BADZERE,10/23/2009,gambiae s.l.,1,CM0902219,,F,,,,,,,,,,,,,,,
Savanna,GADO-BADZERE,10/23/2009,gambiae s.l.,1,CM0902220,,F,,,,,,,,,,,,,,,
Savanna,GADO-BADZERE,10/23/2009,gambiae s.l.,1,CM0902221,,F,,,,,,,,,,,,,,,
Savanna,GADO-BADZERE,10/23/2009,gambiae s.l.,1,CM0902222,,M,,,,,,,,,,,,,,,
Savanna,GADO-BADZERE,10/23/2009,gambiae s.l.,1,CM0902223,,M,,,,,,,,,,,,,,,
Savanna,GADO-BADZERE,10/23/2009,gambiae s.l.,1,CM0902224,,M,,,,,,,,,,,,,,,
Savanna,GADO-BADZERE,10/23/2009,gambiae s.l.,1,CM0902225,,M,,,,,,,,,,,,,,,
Savanna,GADO-BADZERE,10/23/2009,gambiae s.l.,1,CM0902226,,M,,,,,,,,,,,,,,,
Savanna,GADO-BADZERE,10/23/2009,gambiae s.l.,1,CM0902227,,M,,,,,,,,,,,,,,,
Savanna,GADO-BADZERE,10/23/2009,gambiae s.l.,1,CM0902228,,M,,,,,,,,,,,,,,,
Savanna,GADO-BADZERE,10/23/2009,gambiae s.l.,1,CM0902230,S,F,2,1,#N/R,#N/R,,,11/16/2009,#N/R,#N/R,#N/R,#N/R,#N/R,#N/R,#N/R,------
Savanna,GADO-BADZERE,10/23/2009,gambiae s.l.,1,CM0902231,,F,,,,,,,,,,,,,,,
Savanna,GADO-BADZERE,10/23/2009,gambiae s.l.,1,CM0902233,,F,,,,,,,,,,,,,,,
Savanna,GADO-BADZERE,10/23/2009,gambiae s.l.,1,CM0902234,,F,,,,,,,,,,,,,,,
Savanna,GADO-BADZERE,10/23/2009,gambiae s.l.,1,CM0902235,,F,,,,,,,,,,,,,,,
Savanna,GADO-BADZERE,10/23/2009,gambiae s.l.,1,CM0902236,,F,,,,,,,,,,,,,,,
Savanna,GADO-BADZERE,10/23/2009,gambiae s.l.,1,CM0902238,,F,,,,,,,,,,,,,,,
Savanna,GADO-BADZERE,10/23/2009,gambiae s.l.,1,CM0902239,,F,,,,,,,,,,,,,,,
Savanna,GADO-BADZERE,10/23/2009,gambiae s.l.,1,CM0902240,,F,,,,,,,,,,,,,,,
Savanna,GADO-BADZERE,10/23/2009,gambiae s.l.,1,CM0902241,,F,,,,,,,,,,,,,,,
Savanna,GADO-BADZERE,10/23/2009,gambiae s.l.,1,CM0902242,,F,,,,,,,,,,,,,,,
Savanna,GADO-BADZERE,10/23/2009,gambiae s.l.,1,CM0902243,,F,,,,,,,,,,,,,,,
Savanna,GADO-BADZERE,10/23/2009,gambiae s.l.,1,CM0902245,,F,,,,,,,,,,,,,,,
Savanna,GADO-BADZERE,10/23/2009,gambiae s.l.,1,CM0902246,,F,,,,,,,,,,,,,,,
Savanna,GADO-BADZERE,10/23/2009,gambiae s.l.,1,CM0902247,,F,,,,,,,,,,,,,,,
Savanna,GADO-BADZERE,10/23/2009,gambiae s.l.,1,CM0902248,,F,,,,,,,,,,,,,,,
Savanna,GADO-BADZERE,10/23/2009,gambiae s.l.,1,CM0902249,,F,,,,,,,,,,,,,,,
Savanna,GADO-BADZERE,10/23/2009,gambiae s.l.,1,CM0902250,,F,,,,,,,,,,,,,,,
Savanna,GADO-BADZERE,10/23/2009,gambiae s.l.,1,CM0902251,,F,,,,,,,,,,,,,,,
Savanna,GADO-BADZERE,10/23/2009,gambiae s.l.,1,CM0902252,,F,,,,,,,,,,,,,,,
Savanna,GADO-BADZERE,10/23/2009,gambiae s.l.,1,CM0902253,,F,,,,,,,,,,,,,,,
Savanna,GADO-BADZERE,10/23/2009,gambiae s.l.,1,CM0902254,,F,,,,,,,,,,,,,,,
Savanna,GADO-BADZERE,10/23/2009,gambiae s.l.,1,CM0902255,,F,,,,,,,,,,,,,,,
Savanna,GADO-BADZERE,10/23/2009,gambiae s.l.,1,CM0902256,,F,,,,,,,,,,,,,,,
Savanna,GADO-BADZERE,10/23/2009,gambiae s.l.,1,CM0902257,,F,,,,,,,,,,,,,,,
Savanna,GADO-BADZERE,10/23/2009,gambiae s.l.,1,CM0902258,,F,,,,,,,,,,,,,,,
Savanna,GADO-BADZERE,10/23/2009,gambiae s.l.,1,CM0902259,,F,,,,,,,,,,,,,,,
Savanna,GADO-BADZERE,10/23/2009,gambiae s.l.,1,CM0902260,,F,,,,,,,,,,,,,,,
Savanna,GADO-BADZERE,10/23/2009,gambiae s.l.,1,CM0902261,,F,,,,,,,,,,,,,,,
Savanna,GADO-BADZERE,10/23/2009,gambiae s.l.,1,CM0902262,,F,,,,,,,,,,,,,,,
Savanna,GADO-BADZERE,10/23/2009,gambiae s.l.,1,CM0902263,,F,,,,,,,,,,,,,,,
Savanna,GADO-BADZERE,10/23/2009,gambiae s.l.,1,CM0902264,,F,,,,,,,,,,,,,,,
Savanna,GADO-BADZERE,10/23/2009,gambiae s.l.,1,CM0902265,,F,,,,,,,,,,,,,,,
Savanna,GADO-BADZERE,10/23/2009,gambiae s.l.,1,CM0902266,,F,,,,,,,,,,,,,,,
Savanna,GADO-BADZERE,10/23/2009,gambiae s.l.,1,CM0902267,,F,,,,,,,,,,,,,,,
Savanna,GADO-BADZERE,10/23/2009,gambiae s.l.,1,CM0902268,,F,,,,,,,,,,,,,,,
Savanna,GADO-BADZERE,10/23/2009,gambiae s.l.,1,CM0902269,,F,,,,,,,,,,,,,,,
Savanna,GADO-BADZERE,10/23/2009,gambiae s.l.,1,CM0902270,,M,,,,,,,,,,,,,,,
Savanna,GADO-BADZERE,10/23/2009,gambiae s.l.,1,CM0902271,,M,,,,,,,,,,,,,,,
Savanna,GADO-BADZERE,10/23/2009,gambiae s.l.,1,CM0902272,,M,,,,,,,,,,,,,,,
Savanna,GADO-BADZERE,10/23/2009,gambiae s.l.,1,CM0902273,,F,,,,,,,,,,,,,,,
Savanna,GADO-BADZERE,10/23/2009,gambiae s.l.,1,CM0902274,,F,,,,,,,,,,,,,,,
Savanna,GADO-BADZERE,10/23/2009,gambiae s.l.,1,CM0902275,,F,,,,,,,,,,,,,,,
Savanna,GADO-BADZERE,10/23/2009,gambiae s.l.,1,CM0902276,S,F,2,,#N/R,#N/R,,,11/16/2009,#N/R,#N/R,#N/R,#N/R,#N/R,#N/R,#N/R,------
Savanna,GADO-BADZERE,10/23/2009,gambiae s.l.,1,CM0902277,,F,,,,,,,,,,,,,,,
Savanna,GADO-BADZERE,10/23/2009,gambiae s.l.,1,CM0902278,,F,,,,,,,,,,,,,,,
Savanna,GADO-BADZERE,10/23/2009,gambiae s.l.,1,CM0902279,,F,,,,,,,,,,,,,,,
Savanna,GADO-BADZERE,10/23/2009,gambiae s.l.,1,CM0902280,,F,,,,,,,,,,,,,,,
Savanna,GADO-BADZERE,10/23/2009,gambiae s.l.,1,CM0902281,,F,,,,,,,,,,,,,,,
Savanna,GADO-BADZERE,10/23/2009,gambiae s.l.,1,CM0902282,,F,,,,,,,,,,,,,,,
Savanna,GADO-BADZERE,10/23/2009,gambiae s.l.,1,CM0902283,,F,,,,,,,,,,,,,,,
Savanna,GADO-BADZERE,10/24/2009,gambiae s.l.,1,CM0902284,,F,,,,,,,,,,,,,,,
Savanna,GADO-BADZERE,10/24/2009,gambiae s.l.,1,CM0902285,,M,,,,,,,,,,,,,,,
Savanna,GADO-BADZERE,10/24/2009,gambiae s.l.,1,CM0902286,,M,,,,,,,,,,,,,,,
Savanna,GADO-BADZERE,10/24/2009,gambiae s.l.,1,CM0902287,,M,,,,,,,,,,,,,,,
Savanna,GADO-BADZERE,10/24/2009,gambiae s.l.,1,CM0902288,,M,,,,,,,,,,,,,,,
Savanna,GADO-BADZERE,10/24/2009,gambiae s.l.,1,CM0902289,,M,,,,,,,,,,,,,,,
Savanna,GADO-BADZERE,10/24/2009,gambiae s.l.,1,CM0902290,,M,,,,,,,,,,,,,,,
Savanna,GADO-BADZERE,10/24/2009,gambiae s.l.,1,CM0902291,,M,,,,,,,,,,,,,,,
Savanna,GADO-BADZERE,10/24/2009,gambiae s.l.,1,CM0902292,,M,,,,,,,,,,,,,,,
Savanna,GADO-BADZERE,10/24/2009,gambiae s.l.,1,CM0902293,,M,,,,,,,,,,,,,,,
Savanna,GADO-BADZERE,10/24/2009,gambiae s.l.,1,CM0902294,,M,,,,,,,,,,,,,,,
Savanna,GADO-BADZERE,10/24/2009,gambiae s.l.,1,CM0902295,,M,,,,,,,,,,,,,,,
Savanna,GADO-BADZERE,10/24/2009,gambiae s.l.,1,CM0902296,,M,,,,,,,,,,,,,,,
Savanna,GADO-BADZERE,10/24/2009,gambiae s.l.,1,CM0902297,,M,,,,,,,,,,,,,,,
Savanna,GADO-BADZERE,10/24/2009,gambiae s.l.,1,CM0902298,,M,,,,,,,,,,,,,,,
Savanna,GADO-BADZERE,10/24/2009,gambiae s.l.,1,CM0902299,,F,,,,,,,,,,,,,,,
Savanna,GADO-BADZERE,10/24/2009,gambiae s.l.,1,CM0902300,,F,,,,,,,,,,,,,,,
Savanna,GADO-BADZERE,10/24/2009,gambiae s.l.,1,CM0902305,,F,,,,,,,,,,,,,,,
Savanna,GADO-BADZERE,10/24/2009,gambiae s.l.,1,CM0902306,,F,,,,,,,,,,,,,,,
Savanna,GADO-BADZERE,10/24/2009,gambiae s.l.,1,CM0902308,,F,,,,,,,,,,,,,,,
Savanna,GADO-BADZERE,10/24/2009,gambiae s.l.,1,CM0902309,,F,,,,,,,,,,,,,,,
Savanna,GADO-BADZERE,10/24/2009,gambiae s.l.,1,CM0902310,,F,,,,,,,,,,,,,,,
Savanna,GADO-BADZERE,10/24/2009,gambiae s.l.,1,CM0902311,,F,,,,,,,,,,,,,,,
Savanna,GADO-BADZERE,10/24/2009,gambiae s.l.,1,CM0902312,,F,,,,,,,,,,,,,,,
Savanna,GADO-BADZERE,10/24/2009,gambiae s.l.,1,CM0902313,,F,,,,,,,,,,,,,,,
Savanna,GADO-BADZERE,10/24/2009,gambiae s.l.,1,CM0902314,,F,,,,,,,,,,,,,,,
Savanna,GADO-BADZERE,10/24/2009,gambiae s.l.,1,CM0902315,,F,,,,,,,,,,,,,,,
Savanna,GADO-BADZERE,10/24/2009,gambiae s.l.,1,CM0902316,,F,,,,,,,,,,,,,,,
Savanna,GADO-BADZERE,10/24/2009,gambiae s.l.,1,CM0902317,,F,,,,,,,,,,,,,,,
Savanna,GADO-BADZERE,10/24/2009,gambiae s.l.,1,CM0902318,,F,,,,,,,,,,,,,,,
Savanna,GADO-BADZERE,10/24/2009,gambiae s.l.,1,CM0902319,,F,,,,,,,,,,,,,,,
Savanna,GADO-BADZERE,10/24/2009,gambiae s.l.,1,CM0902320,,F,,,,,,,,,,,,,,,
Savanna,GADO-BADZERE,10/24/2009,gambiae s.l.,1,CM0902321,,F,,,,,,,,,,,,,,,
Savanna,GADO-BADZERE,10/24/2009,gambiae s.l.,1,CM0902322,,F,,,,,,,,,,,,,,,
Savanna,GADO-BADZERE,10/24/2009,gambiae s.l.,1,CM0902323,,F,,,,,,,,,,,,,,,
Savanna,GADO-BADZERE,10/24/2009,gambiae s.l.,1,CM0902324,,F,,,,,,,,,,,,,,,
Savanna,GADO-BADZERE,10/24/2009,gambiae s.l.,1,CM0902325,,F,,,,,,,,,,,,,,,
Savanna,GADO-BADZERE,10/24/2009,gambiae s.l.,1,CM0902326,,M,,,,,,,,,,,,,,,
Savanna,GADO-BADZERE,10/24/2009,gambiae s.l.,1,CM0902327,,M,,,,,,,,,,,,,,,
Savanna,GADO-BADZERE,10/24/2009,gambiae s.l.,1,CM0902328,,M,,,,,,,,,,,,,,,
Savanna,GADO-BADZERE,10/24/2009,gambiae s.l.,1,CM0902330,,F,,,,,,,,,,,,,,,
Savanna,GADO-BADZERE,10/24/2009,gambiae s.l.,1,CM0902332,,M,,,,,,,,,,,,,,,
Savanna,GADO-BADZERE,10/24/2009,gambiae s.l.,1,CM0902333,,M,,,,,,,,,,,,,,,
Savanna,GADO-BADZERE,10/24/2009,gambiae s.l.,1,CM0902334,,M,,,,,,,,,,,,,,,
Savanna,GADO-BADZERE,10/24/2009,gambiae s.l.,1,CM0902335,,M,,,,,,,,,,,,,,,
Savanna,GADO-BADZERE,10/24/2009,gambiae s.l.,1,CM0902336,,M,,,,,,,,,,,,,,,
Savanna,GADO-BADZERE,10/24/2009,gambiae s.l.,1,CM0902337,,M,,,,,,,,,,,,,,,
Savanna,GADO-BADZERE,10/24/2009,gambiae s.l.,1,CM0902338,,M,,,,,,,,,,,,,,,
Savanna,GADO-BADZERE,10/24/2009,gambiae s.l.,1,CM0902339,,M,,,,,,,,,,,,,,,
Savanna,GADO-BADZERE,10/24/2009,gambiae s.l.,1,CM0902340,,M,,,,,,,,,,,,,,,
Savanna,GADO-BADZERE,10/24/2009,gambiae s.l.,1,CM0902344,,F,,,,,,,,,,,,,,,
Savanna,GADO-BADZERE,10/24/2009,gambiae s.l.,1,CM0902345,,F,,,,,,,,,,,,,,,
Savanna,GADO-BADZERE,10/24/2009,gambiae s.l.,1,CM0902346,,M,,,,,,,,,,,,,,,
Savanna,GADO-BADZERE,10/24/2009,gambiae s.l.,1,CM0902347,,M,,,,,,,,,,,,,,,
Savanna,GADO-BADZERE,10/24/2009,gambiae s.l.,1,CM0902348,,M,,,,,,,,,,,,,,,
Savanna,GADO-BADZERE,10/24/2009,gambiae s.l.,1,CM0902350,S,F,,2,#N/R,#N/R,,,11/17/2009,#N/R,#N/R,#N/R,#N/R,#N/R,#N/R,#N/R,------
Savanna,GADO-BADZERE,10/24/2009,gambiae s.l.,1,CM0902351,,F,,,,,,,,,,,,,,,
Savanna,GADO-BADZERE,10/24/2009,gambiae s.l.,1,CM0902352,,M,,,,,,,,,,,,,,,
Savanna,GADO-BADZERE,10/24/2009,gambiae s.l.,1,CM0902353,,M,,,,,,,,,,,,,,,
Savanna,GADO-BADZERE,10/24/2009,gambiae s.l.,1,CM0902355,,F,,,,,,,,,,,,,,,
Savanna,GADO-BADZERE,10/24/2009,gambiae s.l.,1,CM0902356,,M,,,,,,,,,,,,,,,
Savanna,GADO-BADZERE,10/24/2009,gambiae s.l.,1,CM0902360,,F,,,,,,,,,,,,,,,
Savanna,GADO-BADZERE,10/24/2009,gambiae s.l.,1,CM0902361,,F,,,,,,,,,,,,,,,
Savanna,GADO-BADZERE,10/24/2009,gambiae s.l.,1,CM0902362,,F,,,,,,,,,,,,,,,
Savanna,GADO-BADZERE,10/24/2009,gambiae s.l.,1,CM0902363,,M,,,,,,,,,,,,,,,
Savanna,GADO-BADZERE,10/24/2009,gambiae s.l.,1,CM0902367,S,F,1,1,#N/R,#N/R,,,11/17/2009,#N/R,#N/R,#N/R,#N/R,#N/R,#N/R,#N/R,------
Savanna,GADO-BADZERE,10/24/2009,gambiae s.l.,1,CM0902368,,F,,,,,,,,,,,,,,,
Savanna,GADO-BADZERE,10/24/2009,gambiae s.l.,1,CM0902369,,F,,,,,,,,,,,,,,,
Savanna,GADO-BADZERE,10/24/2009,gambiae s.l.,1,CM0902370,,F,,,,,,,,,,,,,,,
Savanna,GADO-BADZERE,10/24/2009,gambiae s.l.,1,CM0902371,,F,,,,,,,,,,,,,,,
For/Sav,KOUBA,9/22/2009,gambiae s.l.,1,CM0901177,S,F,0,0,#N/R,#N/R,,,10/6/2009,#N/R,#N/R,#N/R,#N/R,#N/R,#N/R,#N/R,------
For/Sav,KOUBA,9/22/2009,gambiae s.l.,1,CM0901178,S,F,0,0,,,,,,,,,,,,,
For/Sav,KOUBA,9/22/2009,gambiae s.l.,1,CM0901179,S,F,1,2,,,,,,,,,,,,,
For/Sav,DAIGUENE,9/22/2009,gambiae s.l.,1,CM0901180,S,F,1,2,,,,,,,,,,,,,
For/Sav,DAIGUENE,9/22/2009,gambiae s.l.,1,CM0901184,S,F,0,0,,,,,,,,,,,,,
For/Sav,DAIGUENE,9/22/2009,gambiae s.l.,1,CM0901190,S,F,0,1,,,,,,,,,,,,,
For/Sav,DAIGUENE,9/22/2009,gambiae s.l.,1,CM0901194,S,F,0,2,,,,,,,,,,,,,
For/Sav,DAIGUENE,9/22/2009,gambiae s.l.,1,CM0901195,S,F,1,1,,,,,,,,,,,,,
For/Sav,DAIGUENE,9/22/2009,gambiae s.l.,1,CM0901197,S,F,2,2,,,,,,,,,,,,,
For/Sav,DAIGUENE,9/22/2009,gambiae s.l.,1,CM0901198,S,F,2,1,,,,,,,,,,,,,
For/Sav,DAIGUENE,9/22/2009,gambiae s.l.,1,CM0901199,S,F,0,1,,,,,,,,,,,,,
For/Sav,DAIGUENE,9/22/2009,gambiae s.l.,1,CM0901200,S,F,1,0,#N/R,#N/R,,,10/6/2009,#N/R,#N/R,#N/R,#N/R,#N/R,#N/R,#N/R,------
For/Sav,DAIGUENE,9/22/2009,gambiae s.l.,1,CM0901203,S,F,0,0,#N/R,#N/R,,,10/6/2009,#N/R,#N/R,#N/R,#N/R,#N/R,#N/R,#N/R,------
For/Sav,DAIGUENE,9/22/2009,gambiae s.l.,1,CM0901205,S,F,2,2,,,,,,,,,,,,,
For/Sav,DAIGUENE,9/22/2009,gambiae s.l.,1,CM0901206,S,F,0,1,,,,,,,,,,,,,
For/Sav,DAIGUENE,9/22/2009,gambiae s.l.,1,CM0901207,S,M,0,0,,,,,,,,,,,,,
For/Sav,YANGAMO,9/23/2009,gambiae s.l.,1,CM0901210,S,F,2,2,,,,,,,,,,,,,
For/Sav,DAIGUENE,9/24/2009,gambiae s.l.,1,CM0901213,S,F,1,2,,,,,,,,,,,,,
For/Sav,DAIGUENE,9/24/2009,gambiae s.l.,1,CM0901215,S,F,2,2,#N/R,#N/R,,,10/6/2009,#N/R,#N/R,#N/R,#N/R,#N/R,#N/R,#N/R,------
For/Sav,DAIGUENE,9/24/2009,gambiae s.l.,1,CM0901216,S,F,1,1,,,,,,,,,,,,,
For/Sav,DAIGUENE,9/24/2009,gambiae s.l.,1,CM0901217,S,F,1,1,#N/R,#N/R,,,10/6/2009,#N/R,#N/R,#N/R,#N/R,#N/R,#N/R,#N/R,------
For/Sav,DAIGUENE,9/24/2009,gambiae s.l.,1,CM0901218,S,F,2,1,,,,,,,,,,,,,
For/Sav,DAIGUENE,9/24/2009,gambiae s.l.,1,CM0901219,S,F,1,2,,,,,,,,,,,,,
For/Sav,DAIGUENE,9/24/2009,gambiae s.l.,1,CM0901221,S,F,0,0,,,,,,,,,,,,,
For/Sav,DAIGUENE,9/24/2009,gambiae s.l.,1,CM0901222,S,F,0,0,,,,,,,,,,,,,
For/Sav,DAIGUENE,9/24/2009,gambiae s.l.,1,CM0901229,S,M,0,0,,,,,,,,,,,,,
For/Sav,DAIGUENE,9/24/2009,gambiae s.l.,1,CM0901230,S,M,0,0,,,,,,,,,,,,,
For/Sav,DAIGUENE,9/24/2009,gambiae s.l.,1,CM0901236,S,F,0,,#N/R,#N/R,2Rb: 0 or 1 ???,,10/6/2009,#N/R,#N/R,#N/R,#N/R,#N/R,#N/R,#N/R,------
For/Sav,DAIGUENE,9/24/2009,gambiae s.l.,1,CM0901246,S,F,1,0,,,,,,,,,,,,,
For/Sav,DAIGUENE,9/24/2009,gambiae s.l.,1,CM0901247,S,F,0,1,,,,,,,,,,,,,
For/Sav,DAIGUENE,9/24/2009,gambiae s.l.,1,CM0901248,S,F,0,1,,,,,,,,,,,,,
For/Sav,DAIGUENE,9/24/2009,gambiae s.l.,1,CM0901249,S,F,0,0,,,,,,,,,,,,,
For/Sav,DAIGUENE,9/24/2009,gambiae s.l.,1,CM0901250,S,F,0,1,,,,,,,,,,,,,
For/Sav,DAIGUENE,9/24/2009,gambiae s.l.,1,CM0901251,S,F,0,0,,,,,,,,,,,,,
For/Sav,MBOULEMBE,9/25/2009,gambiae s.l.,1,CM0901262,S,F,0,0,,,,,,,,,,,,,
For/Sav,MBOULEMBE,9/25/2009,gambiae s.l.,1,CM0901263,S,F,0,1,#N/R,#N/R,,,10/9/2009,#N/R,#N/R,#N/R,#N/R,#N/R,#N/R,#N/R,------
For/Sav,MBOULEMBE,9/25/2009,gambiae s.l.,1,CM0901264,S,F,0,0,,,,,,,,,,,,,
For/Sav,MBOULEMBE,9/25/2009,gambiae s.l.,1,CM0901265,,F,,,,,2Rb: 1?,,,,,,,,,,
For/Sav,MBOULEMBE,9/25/2009,gambiae s.l.,1,CM0901266,S,M,0,0,,,,,,,,,,,,,
For/Sav,DAIGUENE,9/26/2009,gambiae s.l.,1,CM0901268,S,F,,0,,,,,,,,,,,,,
For/Sav,DAIGUENE,9/26/2009,gambiae s.l.,1,CM0901269,S,F,,2,#N/R,#N/R,,,10/9/2009,#N/R,#N/R,#N/R,#N/R,#N/R,#N/R,#N/R,------
For/Sav,DAIGUENE,9/26/2009,gambiae s.l.,1,CM0901270,S,F,2,1,,,,,,,,,,,,,
For/Sav,DAIGUENE,9/26/2009,gambiae s.l.,1,CM0901271,S,F,1,1,,,,,,,,,,,,,
For/Sav,DAIGUENE,9/26/2009,gambiae s.l.,1,CM0901272,S,F,,0,,,,,,,,,,,,,
For/Sav,DAIGUENE,9/26/2009,gambiae s.l.,1,CM0901279,S,F,,1,#N/R,#N/R,2La: 2?,,10/9/2009,#N/R,#N/R,#N/R,#N/R,#N/R,#N/R,#N/R,------
For/Sav,DAIGUENE,9/26/2009,gambiae s.l.,1,CM0901291,S,F,,0,,,,,,,,,,,,,
For/Sav,DAIGUENE,9/26/2009,gambiae s.l.,1,CM0901292,S,F,0,0,,,,,,,,,,,,,
For/Sav,DAIGUENE,9/26/2009,gambiae s.l.,1,CM0901293,S,F,1,1,,,,,,,,,,,,,
For/Sav,DAIGUENE,9/26/2009,gambiae s.l.,1,CM0901294,S,F,2,2,,,,,,,,,,,,,
For/Sav,DAIGUENE,9/26/2009,gambiae s.l.,1,CM0901295,S,F,0,0,,,,,,,,,,,,,
For/Sav,DAIGUENE,9/26/2009,gambiae s.l.,1,CM0901296,S,F,0,0,,,,,,,,,,,,,
For/Sav,DAIGUENE,9/26/2009,gambiae s.l.,1,CM0901297,S,F,,1,,,2La: 2?,,,,,,,,,,
For/Sav,DAIGUENE,9/26/2009,gambiae s.l.,1,CM0901298,S,F,,1,,,,,,,,,,,,,
For/Sav,DAIGUENE,9/26/2009,gambiae s.l.,1,CM0901299,S,F,,1,,,,,,,,,,,,,
For/Sav,DAIGUENE,9/26/2009,gambiae s.l.,1,CM0901300,S,F,,1,,,,,,,,,,,,,
For/Sav,DAIGUENE,9/26/2009,gambiae s.l.,1,CM0901301,S,F,0,1,,,,,,,,,,,,,
For/Sav,DAIGUENE,9/26/2009,gambiae s.l.,1,CM0901302,S,F,0,0,,,,,,,,,,,,,
For/Sav,DAIGUENE,9/26/2009,gambiae s.l.,1,CM0901303,S,F,0,2,,,,,,,,,,,,,
For/Sav,DAIGUENE,9/26/2009,gambiae s.l.,1,CM0901304,S,F,2,1,,,,,,,,,,,,,
For/Sav,DAIGUENE,9/26/2009,gambiae s.l.,1,CM0901305,S,F,2,1,,,,,,,,,,,,,
For/Sav,DAIGUENE,9/26/2009,gambiae s.l.,1,CM0901306,S,F,1,2,,,,,,,,,,,,,
For/Sav,DAIGUENE,9/26/2009,gambiae s.l.,1,CM0901307,S,F,0,0,,,,,,,,,,,,,
For/Sav,DAIGUENE,9/26/2009,gambiae s.l.,1,CM0901308,S,F,0,0,,,,,,,,,,,,,
For/Sav,DAIGUENE,9/26/2009,gambiae s.l.,1,CM0901309,S,F,0,0,,,,,,,,,,,,,
For/Sav,DAIGUENE,9/26/2009,gambiae s.l.,1,CM0901310,S,F,0,0,,,,,,,,,,,,,
For/Sav,DAIGUENE,9/26/2009,gambiae s.l.,1,CM0901311,S,F,1,0,,,,,,,,,,,,,
For/Sav,DAIGUENE,9/26/2009,gambiae s.l.,1,CM0901312,S,F,2,0,,,,,,,,,,,,,
For/Sav,DAIGUENE,9/26/2009,gambiae s.l.,1,CM0901313,S,F,1,2,,,,,,,,,,,,,
For/Sav,DAIGUENE,9/26/2009,gambiae s.l.,1,CM0901314,S,F,2,0,,,,,,,,,,,,,
For/Sav,DAIGUENE,9/26/2009,gambiae s.l.,1,CM0901315,S,F,2,,,,,,,,,,,,,,
For/Sav,DAIGUENE,9/28/2009,gambiae s.l.,1,CM0901318,S,F,1,,,,2Rb: 1 or 2?,,,,,,,,,,
For/Sav,DAIGUENE,9/28/2009,gambiae s.l.,1,CM0901319,S,F,0,0,,,,,,,,,,,,,
For/Sav,DAIGUENE,9/28/2009,gambiae s.l.,1,CM0901320,S,F,2,1,,,,,,,,,,,,,
For/Sav,DAIGUENE,9/28/2009,gambiae s.l.,1,CM0901321,S,F,,,,,2Rb: 2?,,,,,,,,,,
For/Sav,DAIGUENE,9/28/2009,gambiae s.l.,1,CM0901322,S,F,1,0,,,,,,,,,,,,,
For/Sav,DAIGUENE,9/28/2009,gambiae s.l.,1,CM0901323,S,F,2,0,,,,,,,,,,,,,
For/Sav,DAIGUENE,9/28/2009,gambiae s.l.,1,CM0901326,S,F,1,0,#N/R,#N/R,,,10/9/2009,#N/R,#N/R,#N/R,#N/R,#N/R,#N/R,#N/R,------
For/Sav,DAIGUENE,9/28/2009,gambiae s.l.,1,CM0901328,S,F,2,0,,,,,,,,,,,,,
For/Sav,DAIGUENE,9/28/2009,gambiae s.l.,1,CM0901329,S,F,1,,,,2Rb: 1 or 2,,,,,,,,,,
For/Sav,DAIGUENE,9/28/2009,gambiae s.l.,1,CM0901330,S,F,0,1,,,,,,,,,,,,,
For/Sav,DAIGUENE,9/28/2009,gambiae s.l.,1,CM0901331,S,F,2,2,,,,,,,,,,,,,
For/Sav,DAIGUENE,9/28/2009,gambiae s.l.,1,CM0901332,S,F,1,2,,,,,,,,,,,,,
For/Sav,DAIGUENE,9/28/2009,gambiae s.l.,1,CM0901333,S,F,0,0,,,,,,,,,,,,,
For/Sav,DAIGUENE,9/28/2009,gambiae s.l.,1,CM0901334,S,F,0,0,,,,,,,,,,,,,
For/Sav,DAIGUENE,9/28/2009,gambiae s.l.,1,CM0901335,S,F,0,0,,,,,,,,,,,,,
For/Sav,DAIGUENE,9/28/2009,gambiae s.l.,1,CM0901336,S,F,0,0,,,,,,,,,,,,,
For/Sav,DAIGUENE,9/28/2009,gambiae s.l.,1,CM0901337,S,F,2,,,,,,,,,,,,,,
For/Sav,DAIGUENE,9/28/2009,gambiae s.l.,1,CM0901338,S,F,0,1,,,,,,,,,,,,,
For/Sav,DAIGUENE,9/28/2009,gambiae s.l.,1,CM0901339,S,F,,2,,,,,,,,,,,,,
For/Sav,DAIGUENE,9/28/2009,gambiae s.l.,1,CM0901340,S,F,0,0,,,,,,,,,,,,,
For/Sav,DAIGUENE,9/28/2009,gambiae s.l.,1,CM0901341,S,F,0,0,,,,,,,,,,,,,
For/Sav,DAIGUENE,9/28/2009,gambiae s.l.,1,CM0901342,S,F,,0,,,,,,,,,,,,,
For/Sav,DAIGUENE,9/28/2009,gambiae s.l.,1,CM0901343,S,F,,,,,,,,,,,,,,,
For/Sav,DAIGUENE,9/28/2009,gambiae s.l.,1,CM0901344,S,F,1,1,,,,,,,,,,,,,
For/Sav,DAIGUENE,9/28/2009,gambiae s.l.,1,CM0901345,S,F,0,0,,,,,,,,,,,,,
For/Sav,DAIGUENE,9/28/2009,gambiae s.l.,1,CM0901346,S,F,,2,,,,,,,,,,,,,
For/Sav,DAIGUENE,9/28/2009,gambiae s.l.,1,CM0901347,S,F,1,2,,,,,,,,,,,,,
For/Sav,DAIGUENE,9/28/2009,gambiae s.l.,1,CM0901348,S,F,2,2,,,,,,,,,,,,,
For/Sav,DAIGUENE,9/28/2009,gambiae s.l.,1,CM0901349,S,F,,2,,,,,,,,,,,,,
For/Sav,DAIGUENE,9/28/2009,gambiae s.l.,1,CM0901350,S,F,0,1,,,,,,,,,,,,,
For/Sav,DAIGUENE,9/28/2009,gambiae s.l.,1,CM0901351,S,F,0,0,,,,,,,,,,,,,
For/Sav,DAIGUENE,9/28/2009,gambiae s.l.,1,CM0901352,S,F,,0,,,,,,,,,,,,,
For/Sav,DAIGUENE,9/28/2009,gambiae s.l.,1,CM0901353,S,F,2,2,,,,,,,,,,,,,
For/Sav,DAIGUENE,9/28/2009,gambiae s.l.,1,CM0901354,S,F,1,0,,,,,,,,,,,,,
For/Sav,DAIGUENE,9/28/2009,gambiae s.l.,1,CM0901355,S,F,2,1,,,,,,,,,,,,,
For/Sav,DAIGUENE,9/28/2009,gambiae s.l.,1,CM0901356,S,F,1,0,,,,,,,,,,,,,
For/Sav,DAIGUENE,9/28/2009,gambiae s.l.,1,CM0901357,S,F,,0,,,,,,,,,,,,,
For/Sav,DAIGUENE,9/28/2009,gambiae s.l.,1,CM0901358,S,F,,2,,,,,,,,,,,,,
For/Sav,DAIGUENE,9/28/2009,gambiae s.l.,1,CM0901359,S,F,0,0,,,,,,,,,,,,,
For/Sav,DAIGUENE,9/28/2009,gambiae s.l.,1,CM0901360,S,F,0,1,,,,,,,,,,,,,
For/Sav,DAIGUENE,9/28/2009,gambiae s.l.,1,CM0901361,S,F,1,1,,,,,,,,,,,,,
For/Sav,DAIGUENE,9/28/2009,gambiae s.l.,1,CM0901362,S,F,0,0,,,,,,,,,,,,,
For/Sav,DAIGUENE,9/28/2009,gambiae s.l.,1,CM0901363,S,F,1,1,,,,,,,,,,,,,
For/Sav,DAIGUENE,9/28/2009,gambiae s.l.,1,CM0901364,S,F,,1,,,,,,,,,,,,,
For/Sav,DAIGUENE,9/28/2009,gambiae s.l.,1,CM0901365,S,F,,1,,,,,,,,,,,,,
For/Sav,DAIGUENE,9/28/2009,gambiae s.l.,1,CM0901366,S,F,1,2,,,,,,,,,,,,,
For/Sav,DAIGUENE,9/28/2009,gambiae s.l.,1,CM0901367,S,F,0,1,,,,,,,,,,,,,
For/Sav,DAIGUENE,9/28/2009,gambiae s.l.,1,CM0901368,S,F,0,1,,,,,,,,,,,,,
For/Sav,DAIGUENE,9/28/2009,gambiae s.l.,1,CM0901369,S,F,1,0,,,,,,,,,,,,,
For/Sav,DAIGUENE,9/28/2009,gambiae s.l.,1,CM0901370,S,F,1,1,,,,,,,,,,,,,
For/Sav,DAIGUENE,9/28/2009,gambiae s.l.,1,CM0901371,S,F,2,2,,,,,,,,,,,,,
For/Sav,DAIGUENE,9/28/2009,gambiae s.l.,1,CM0901372,S,F,1,,,,,,,,,,,,,,
For/Sav,DAIGUENE,9/28/2009,gambiae s.l.,1,CM0901373,S,F,,0,,,,,,,,,,,,,
For/Sav,DAIGUENE,9/28/2009,gambiae s.l.,1,CM0901374,S,F,0,0,,,,,,,,,,,,,
For/Sav,DAIGUENE,9/28/2009,gambiae s.l.,1,CM0901375,S,F,0,0,,,,,,,,,,,,,
For/Sav,DAIGUENE,9/28/2009,gambiae s.l.,1,CM0901376,S,F,2,1,,,,,,,,,,,,,
For/Sav,DAIGUENE,9/28/2009,gambiae s.l.,1,CM0901377,S,F,0,0,,,,,,,,,,,,,
For/Sav,DAIGUENE,9/28/2009,gambiae s.l.,1,CM0901378,S,F,0,0,,,,,,,,,,,,,
For/Sav,DAIGUENE,9/28/2009,gambiae s.l.,1,CM0901379,S,F,0,1,,,,,,,,,,,,,
For/Sav,DAIGUENE,9/28/2009,gambiae s.l.,1,CM0901380,S,F,0,1,,,,,,,,,,,,,
For/Sav,DAIGUENE,9/28/2009,gambiae s.l.,1,CM0901381,,F,,,,,,,,,,,,,,,
For/Sav,DAIGUENE,9/28/2009,gambiae s.l.,1,CM0901382,,F,,,,,,,,,,,,,,,
For/Sav,DAIGUENE,9/28/2009,gambiae s.l.,1,CM0901383,,F,,,,,,,,,,,,,,,
For/Sav,DAIGUENE,9/28/2009,gambiae s.l.,1,CM0901384,,F,,,,,,,,,,,,,,,
For/Sav,DAIGUENE,9/28/2009,gambiae s.l.,1,CM0901385,,F,,,,,,,,,,,,,,,
For/Sav,DAIGUENE,9/28/2009,gambiae s.l.,1,CM0901386,,F,,,#N/R,#N/R,,,10/9/2009,#N/R,#N/R,#N/R,#N/R,#N/R,#N/R,#N/R,------
For/Sav,DAIGUENE,9/28/2009,gambiae s.l.,1,CM0901387,,F,,,#N/R,#N/R,,,10/9/2009,#N/R,#N/R,#N/R,#N/R,#N/R,#N/R,#N/R,------
For/Sav,DAIGUENE,9/28/2009,gambiae s.l.,1,CM0901389,,F,,,#N/R,#N/R,,,10/9/2009,#N/R,#N/R,#N/R,#N/R,#N/R,#N/R,#N/R,------
For/Sav,DAIGUENE,9/28/2009,gambiae s.l.,1,CM0901392,,F,,,0,2,,,10/12/2009,A,0,2,0,0,0,0,020000
For/Sav,DAIGUENE,9/28/2009,gambiae s.l.,1,CM0901393,,F,,,,,,,,,,,,,,,
For/Sav,DAIGUENE,9/28/2009,gambiae s.l.,1,CM0901394,,F,,,,,,,,,,,,,,,
For/Sav,DAIGUENE,9/28/2009,gambiae s.l.,1,CM0901397,S,F,0,1,0,2,,,10/12/2009,A,0,2,0,0,0,0,020000
For/Sav,DAIGUENE,9/28/2009,gambiae s.l.,1,CM0901401,S,F,1,2,,,:(,,,,,,,,,,
For/Sav,DAIGUENE,9/28/2009,gambiae s.l.,1,CM0901402,S,F,0,0,#N/R,#N/R,,,10/12/2009,#N/R,#N/R,#N/R,#N/R,#N/R,#N/R,#N/R,------
For/Sav,DAIGUENE,9/28/2009,gambiae s.l.,1,CM0901406,S,F,0,1,,,,,,,,,,,,,
For/Sav,DAIGUENE,9/28/2009,gambiae s.l.,1,CM0901408,S,F,0,0,,,,,,,,,,,,,
For/Sav,DAIGUENE,9/28/2009,gambiae s.l.,1,CM0901411,S,F,0,1,,,,,,,,,,,,,
For/Sav,DAIGUENE,9/28/2009,gambiae s.l.,1,CM0901415,,F,,,,,,,,,,,,,,,
For/Sav,DAIGUENE,9/28/2009,gambiae s.l.,1,CM0901416,,F,,,,,,,,,,,,,,,
For/Sav,DAIGUENE,9/28/2009,gambiae s.l.,1,CM0901417,,F,,,,,,,,,,,,,,,
For/Sav,DAIGUENE,9/28/2009,gambiae s.l.,1,CM0901418,,F,,,,,,,,,,,,,,,
For/Sav,DAIGUENE,9/28/2009,gambiae s.l.,1,CM0901419,,F,,,,,,,,,,,,,,,
For/Sav,DAIGUENE,9/28/2009,gambiae s.l.,1,CM0901420,,F,,,,,,,,,,,,,,,
For/Sav,DAIGUENE,9/28/2009,gambiae s.l.,1,CM0901421,,F,,,,,,,,,,,,,,,
For/Sav,DAIGUENE,9/28/2009,gambiae s.l.,1,CM0901422,,F,,,,,,,,,,,,,,,
For/Sav,DAIGUENE,9/28/2009,gambiae s.l.,1,CM0901423,,F,,,,,,,,,,,,,,,
For/Sav,DAIGUENE,9/28/2009,gambiae s.l.,1,CM0901424,,F,,,,,,,,,,,,,,,
For/Sav,DAIGUENE,9/28/2009,gambiae s.l.,1,CM0901425,,F,,,,,,,,,,,,,,,
For/Sav,DAIGUENE,9/28/2009,gambiae s.l.,1,CM0901426,,F,,,,,,,,,,,,,,,
For/Sav,DAIGUENE,9/28/2009,gambiae s.l.,1,CM0901427,,F,,,,,,,,,,,,,,,
For/Sav,DAIGUENE,9/28/2009,gambiae s.l.,1,CM0901428,,F,,,,,,,,,,,,,,,
For/Sav,DAIGUENE,9/28/2009,gambiae s.l.,1,CM0901429,,F,,,,,,,,,,,,,,,
For/Sav,DAIGUENE,9/28/2009,gambiae s.l.,1,CM0901430,,F,,,,,,,,,,,,,,,
For/Sav,DAIGUENE,9/28/2009,gambiae s.l.,1,CM0901431,,F,,,,,,,,,,,,,,,
For/Sav,DAIGUENE,9/28/2009,gambiae s.l.,1,CM0901432,,F,,,,,,,,,,,,,,,
For/Sav,DAIGUENE,9/28/2009,gambiae s.l.,1,CM0901433,,F,,,,,,,,,,,,,,,
For/Sav,DAIGUENE,9/28/2009,gambiae s.l.,1,CM0901434,,F,,,,,,,,,,,,,,,
For/Sav,DAIGUENE,9/28/2009,gambiae s.l.,1,CM0901435,,F,,,,,,,,,,,,,,,
For/Sav,DAIGUENE,9/28/2009,gambiae s.l.,1,CM0901436,,F,,,,,,,,,,,,,,,
For/Sav,DAIGUENE,9/28/2009,gambiae s.l.,1,CM0901437,,F,,,,,,,,,,,,,,,
For/Sav,DAIGUENE,9/28/2009,gambiae s.l.,1,CM0901438,,F,,,,,,,,,,,,,,,
For/Sav,DAIGUENE,9/28/2009,gambiae s.l.,1,CM0901439,,F,,,,,,,,,,,,,,,
For/Sav,DAIGUENE,9/28/2009,gambiae s.l.,1,CM0901440,,F,,,,,,,,,,,,,,,
For/Sav,DAIGUENE,9/28/2009,gambiae s.l.,1,CM0901441,,F,,,,,,,,,,,,,,,
For/Sav,DAIGUENE,9/28/2009,gambiae s.l.,1,CM0901442,,F,,,,,,,,,,,,,,,
For/Sav,DAIGUENE,9/28/2009,gambiae s.l.,1,CM0901443,,F,,,,,,,,,,,,,,,
For/Sav,DAIGUENE,9/28/2009,gambiae s.l.,1,CM0901444,,F,,,,,,,,,,,,,,,
For/Sav,DAIGUENE,9/28/2009,gambiae s.l.,1,CM0901445,,F,,,,,,,,,,,,,,,
For/Sav,DAIGUENE,9/28/2009,gambiae s.l.,1,CM0901446,,F,,,,,,,,,,,,,,,
For/Sav,DAIGUENE,9/28/2009,gambiae s.l.,1,CM0901447,,F,,,,,,,,,,,,,,,
For/Sav,DAIGUENE,9/28/2009,gambiae s.l.,1,CM0901448,,F,,,,,,,,,,,,,,,
For/Sav,DAIGUENE,9/28/2009,gambiae s.l.,1,CM0901449,,F,,,,,,,,,,,,,,,
For/Sav,DAIGUENE,9/28/2009,gambiae s.l.,1,CM0901450,,F,,,,,,,,,,,,,,,
For/Sav,DAIGUENE,9/28/2009,gambiae s.l.,1,CM0901451,,F,,,,,,,,,,,,,,,
For/Sav,DAIGUENE,9/28/2009,gambiae s.l.,1,CM0901452,,F,,,,,,,,,,,,,,,
For/Sav,DAIGUENE,9/28/2009,gambiae s.l.,1,CM0901453,,F,,,,,,,,,,,,,,,
For/Sav,DAIGUENE,9/28/2009,gambiae s.l.,1,CM0901454,,F,,,,,,,,,,,,,,,
For/Sav,DAIGUENE,9/28/2009,gambiae s.l.,1,CM0901455,,F,,,,,,,,,,,,,,,
For/Sav,DAIGUENE,9/28/2009,gambiae s.l.,1,CM0901456,,F,,,,,,,,,,,,,,,
For/Sav,DAIGUENE,9/28/2009,gambiae s.l.,1,CM0901457,,F,,,,,,,,,,,,,,,
For/Sav,DAIGUENE,9/28/2009,gambiae s.l.,1,CM0901458,,F,,,,,,,,,,,,,,,
For/Sav,DAIGUENE,9/28/2009,gambiae s.l.,1,CM0901459,,F,,,,,,,,,,,,,,,
For/Sav,DAIGUENE,9/28/2009,gambiae s.l.,1,CM0901460,,F,,,,,,,,,,,,,,,
For/Sav,DAIGUENE,9/28/2009,gambiae s.l.,1,CM0901461,,F,,,,,,,,,,,,,,,
For/Sav,DAIGUENE,9/28/2009,gambiae s.l.,1,CM0901462,,F,,,,,,,,,,,,,,,
For/Sav,DAIGUENE,9/28/2009,gambiae s.l.,1,CM0901463,,F,,,,,,,,,,,,,,,
For/Sav,DAIGUENE,9/28/2009,gambiae s.l.,1,CM0901464,,F,,,,,,,,,,,,,,,
For/Sav,DAIGUENE,9/28/2009,gambiae s.l.,1,CM0901465,,F,,,,,,,,,,,,,,,
For/Sav,DAIGUENE,9/28/2009,gambiae s.l.,1,CM0901466,,F,,,,,,,,,,,,,,,
For/Sav,DAIGUENE,9/28/2009,gambiae s.l.,1,CM0901467,,F,,,,,,,,,,,,,,,
For/Sav,DAIGUENE,9/28/2009,gambiae s.l.,1,CM0901468,,F,,,,,,,,,,,,,,,
For/Sav,DAIGUENE,9/28/2009,gambiae s.l.,1,CM0901469,,F,,,,,,,,,,,,,,,
For/Sav,DAIGUENE,9/28/2009,gambiae s.l.,1,CM0901470,,F,,,,,,,,,,,,,,,
For/Sav,DAIGUENE,9/28/2009,gambiae s.l.,1,CM0901471,,F,,,,,,,,,,,,,,,
For/Sav,DAIGUENE,9/28/2009,gambiae s.l.,1,CM0901472,,F,,,,,,,,,,,,,,,
For/Sav,DAIGUENE,9/28/2009,gambiae s.l.,1,CM0901473,,F,,,,,,,,,,,,,,,
For/Sav,DAIGUENE,9/28/2009,gambiae s.l.,1,CM0901474,,F,,,,,,,,,,,,,,,
For/Sav,DAIGUENE,9/28/2009,gambiae s.l.,1,CM0901475,,F,,,,,,,,,,,,,,,
For/Sav,DAIGUENE,9/28/2009,gambiae s.l.,1,CM0901476,,F,,,,,,,,,,,,,,,
For/Sav,DAIGUENE,9/28/2009,gambiae s.l.,1,CM0901477,,F,,,,,,,,,,,,,,,
For/Sav,DAIGUENE,9/28/2009,gambiae s.l.,1,CM0901478,,F,,,,,,,,,,,,,,,
For/Sav,DAIGUENE,9/28/2009,gambiae s.l.,1,CM0901479,,F,,,,,,,,,,,,,,,
For/Sav,DAIGUENE,9/28/2009,gambiae s.l.,1,CM0901480,,F,,,,,,,,,,,,,,,
For/Sav,DAIGUENE,9/28/2009,gambiae s.l.,1,CM0901481,,F,,,,,,,,,,,,,,,
For/Sav,DAIGUENE,9/28/2009,gambiae s.l.,1,CM0901482,,F,,,,,,,,,,,,,,,
For/Sav,DAIGUENE,9/28/2009,gambiae s.l.,1,CM0901483,,F,,,,,,,,,,,,,,,
For/Sav,DAIGUENE,9/28/2009,gambiae s.l.,1,CM0901484,,F,,,,,,,,,,,,,,,
For/Sav,DAIGUENE,9/28/2009,gambiae s.l.,1,CM0901485,,F,,,,,,,,,,,,,,,
For/Sav,DAIGUENE,9/28/2009,gambiae s.l.,1,CM0901486,,F,,,,,,,,,,,,,,,
For/Sav,DAIGUENE,9/28/2009,gambiae s.l.,1,CM0901487,,F,,,,,,,,,,,,,,,
For/Sav,DAIGUENE,9/28/2009,gambiae s.l.,1,CM0901488,,F,,,,,,,,,,,,,,,
For/Sav,DAIGUENE,9/28/2009,gambiae s.l.,1,CM0901489,,F,,,,,,,,,,,,,,,
For/Sav,DAIGUENE,9/28/2009,gambiae s.l.,1,CM0901490,,F,,,,,,,,,,,,,,,
For/Sav,DAIGUENE,9/28/2009,gambiae s.l.,1,CM0901491,,F,,,,,,,,,,,,,,,
For/Sav,DAIGUENE,9/28/2009,gambiae s.l.,1,CM0901492,,F,,,,,,,,,,,,,,,
For/Sav,DAIGUENE,9/28/2009,gambiae s.l.,1,CM0901493,,F,,,,,,,,,,,,,,,
For/Sav,DAIGUENE,9/28/2009,gambiae s.l.,1,CM0901494,,F,,,,,,,,,,,,,,,
For/Sav,DAIGUENE,9/28/2009,gambiae s.l.,1,CM0901495,,F,,,,,,,,,,,,,,,
For/Sav,DAIGUENE,9/28/2009,gambiae s.l.,1,CM0901496,,F,,,,,,,,,,,,,,,
For/Sav,DAIGUENE,9/28/2009,gambiae s.l.,1,CM0901497,,M,,,,,,,,,,,,,,,
For/Sav,DAIGUENE,9/28/2009,gambiae s.l.,1,CM0901498,,M,,,,,,,,,,,,,,,
For/Sav,DAIGUENE,9/28/2009,gambiae s.l.,1,CM0901499,,M,,,,,,,,,,,,,,,
For/Sav,DAIGUENE,9/28/2009,gambiae s.l.,1,CM0901500,,M,,,,,,,,,,,,,,,
For/Sav,DAIGUENE,9/28/2009,gambiae s.l.,1,CM0901501,,M,,,,,,,,,,,,,,,
For/Sav,DAIGUENE,9/28/2009,gambiae s.l.,1,CM0901502,,M,,,,,,,,,,,,,,,
For/Sav,DAIGUENE,9/28/2009,gambiae s.l.,1,CM0901503,,M,,,,,,,,,,,,,,,
For/Sav,DAIGUENE,9/28/2009,gambiae s.l.,1,CM0901504,,M,,,,,,,,,,,,,,,
For/Sav,DAIGUENE,9/28/2009,gambiae s.l.,1,CM0901505,,M,,,,,,,,,,,,,,,
For/Sav,DAIGUENE,9/28/2009,gambiae s.l.,1,CM0901506,,M,,,,,,,,,,,,,,,
For/Sav,DAIGUENE,9/28/2009,gambiae s.l.,1,CM0901507,,M,,,,,,,,,,,,,,,
For/Sav,DAIGUENE,9/28/2009,gambiae s.l.,1,CM0901508,,M,,,,,,,,,,,,,,,
For/Sav,DAIGUENE,9/28/2009,gambiae s.l.,1,CM0901509,,M,,,,,,,,,,,,,,,
For/Sav,DAIGUENE,9/28/2009,gambiae s.l.,1,CM0901510,,M,,,,,,,,,,,,,,,
For/Sav,DAIGUENE,9/28/2009,gambiae s.l.,1,CM0901511,,M,,,,,,,,,,,,,,,
For/Sav,DAIGUENE,9/28/2009,gambiae s.l.,1,CM0901512,,M,,,,,,,,,,,,,,,
For/Sav,DAIGUENE,9/28/2009,gambiae s.l.,1,CM0901513,,M,,,,,,,,,,,,,,,
For/Sav,DAIGUENE,9/28/2009,gambiae s.l.,1,CM0901514,,M,,,,,,,,,,,,,,,
For/Sav,DAIGUENE,9/28/2009,gambiae s.l.,1,CM0901515,,M,,,,,,,,,,,,,,,
For/Sav,DAIGUENE,9/28/2009,gambiae s.l.,1,CM0901516,,M,,,,,,,,,,,,,,,
For/Sav,DAIGUENE,9/28/2009,gambiae s.l.,1,CM0901517,,M,,,,,,,,,,,,,,,
For/Sav,DAIGUENE,9/28/2009,gambiae s.l.,1,CM0901518,,M,,,,,,,,,,,,,,,
For/Sav,DAIGUENE,9/28/2009,gambiae s.l.,1,CM0901519,,M,,,,,,,,,,,,,,,
For/Sav,DAIGUENE,9/28/2009,gambiae s.l.,1,CM0901520,,M,,,,,,,,,,,,,,,
For/Sav,DAIGUENE,9/28/2009,gambiae s.l.,1,CM0901521,,M,,,,,,,,,,,,,,,
For/Sav,DAIGUENE,9/28/2009,gambiae s.l.,1,CM0901522,,M,,,,,,,,,,,,,,,
For/Sav,DAIGUENE,9/28/2009,gambiae s.l.,1,CM0901523,,M,,,,,,,,,,,,,,,
For/Sav,DAIGUENE,9/28/2009,gambiae s.l.,1,CM0901524,,M,,,,,,,,,,,,,,,
For/Sav,DAIGUENE,9/28/2009,gambiae s.l.,1,CM0901525,,M,,,,,,,,,,,,,,,
For/Sav,DAIGUENE,9/28/2009,gambiae s.l.,1,CM0901526,,M,,,,,,,,,,,,,,,
For/Sav,DAIGUENE,9/28/2009,gambiae s.l.,1,CM0901527,,M,,,,,,,,,,,,,,,
For/Sav,DAIGUENE,9/28/2009,gambiae s.l.,1,CM0901528,,M,,,,,,,,,,,,,,,
For/Sav,DAIGUENE,9/28/2009,gambiae s.l.,1,CM0901529,,M,,,,,,,,,,,,,,,
For/Sav,DAIGUENE,9/28/2009,gambiae s.l.,1,CM0901530,,M,,,,,,,,,,,,,,,
For/Sav,DAIGUENE,9/28/2009,gambiae s.l.,1,CM0901531,,M,,,,,,,,,,,,,,,
For/Sav,DAIGUENE,10/2/2009,gambiae s.l.,1,CM0901533,,F,,,,,,,,,,,,,,,
For/Sav,DAIGUENE,10/2/2009,gambiae s.l.,1,CM0901856,,F,,,,,,,,,,,,,,,
For/Sav,DAIGUENE,10/2/2009,gambiae s.l.,1,CM0901857,,F,,,,,,,,,,,,,,,
For/Sav,DAIGUENE,10/2/2009,gambiae s.l.,1,CM0901858,,F,,,,,,,,,,,,,,,
For/Sav,DAIGUENE,10/2/2009,gambiae s.l.,1,CM0901859,,F,,,,,,,,,,,,,,,
For/Sav,DAIGUENE,10/2/2009,gambiae s.l.,1,CM0901864,,F,,,,,,,,,,,,,,,
For/Sav,DAIGUENE,10/2/2009,gambiae s.l.,1,CM0901865,,F,,,,,,,,,,,,,,,
For/Sav,DAIGUENE,10/2/2009,gambiae s.l.,1,CM0901866,,F,,,,,,,,,,,,,,,
For/Sav,DAIGUENE,10/2/2009,gambiae s.l.,1,CM0901867,,F,,,,,,,,,,,,,,,
For/Sav,DAIGUENE,10/2/2009,gambiae s.l.,1,CM0901868,,F,,,,,,,,,,,,,,,
For/Sav,DAIGUENE,10/2/2009,gambiae s.l.,1,CM0901870,,F,,,#N/R,#N/R,,,11/5/2009,#N/R,#N/R,#N/R,#N/R,#N/R,#N/R,#N/R,------
For/Sav,DAIGUENE,10/2/2009,gambiae s.l.,1,CM0901872,,F,,,,,,,,,,,,,,,
For/Sav,DAIGUENE,10/2/2009,gambiae s.l.,1,CM0901873,,F,,,,,,,,,,,,,,,
For/Sav,DAIGUENE,10/2/2009,gambiae s.l.,1,CM0901874,,F,,,#N/R,#N/R,,,11/5/2009,#N/R,#N/R,#N/R,#N/R,#N/R,#N/R,#N/R,------
For/Sav,DAIGUENE,10/2/2009,gambiae s.l.,1,CM0901875,,F,,,,,,,,,,,,,,,
For/Sav,DAIGUENE,10/2/2009,gambiae s.l.,1,CM0901876,,F,,,#N/R,#N/R,,,11/5/2009,#N/R,#N/R,#N/R,#N/R,#N/R,#N/R,#N/R,------
For/Sav,DAIGUENE,10/2/2009,gambiae s.l.,1,CM0901878,,F,,,,,,,,,,,,,,,
For/Sav,DAIGUENE,10/2/2009,gambiae s.l.,1,CM0901879,,F,,,,,,,,,,,,,,,
For/Sav,DAIGUENE,10/2/2009,gambiae s.l.,1,CM0901880,,F,,,,,,,,,,,,,,,
For/Sav,DAIGUENE,10/2/2009,gambiae s.l.,1,CM0901881,,F,,,,,,,,,,,,,,,
For/Sav,DAIGUENE,10/2/2009,gambiae s.l.,1,CM0901882,,F,,,,,,,,,,,,,,,
For/Sav,DAIGUENE,10/2/2009,gambiae s.l.,1,CM0901883,,F,,,,,,,,,,,,,,,
For/Sav,DAIGUENE,10/2/2009,gambiae s.l.,1,CM0901884,,F,,,,,,,,,,,,,,,
For/Sav,DAIGUENE,10/2/2009,gambiae s.l.,1,CM0901885,,F,,,,,,,,,,,,,,,
For/Sav,DAIGUENE,10/2/2009,gambiae s.l.,1,CM0901886,,F,,,,,,,,,,,,,,,
For/Sav,DAIGUENE,10/2/2009,gambiae s.l.,1,CM0901887,,F,,,,,,,,,,,,,,,
For/Sav,DAIGUENE,10/2/2009,gambiae s.l.,1,CM0901888,,F,,,,,,,,,,,,,,,
For/Sav,DAIGUENE,10/2/2009,gambiae s.l.,1,CM0901889,,F,,,,,,,,,,,,,,,
For/Sav,DAIGUENE,10/2/2009,gambiae s.l.,1,CM0901890,,F,,,,,,,,,,,,,,,
For/Sav,DAIGUENE,10/2/2009,gambiae s.l.,1,CM0901891,,F,,,,,,,,,,,,,,,
For/Sav,DAIGUENE,10/2/2009,gambiae s.l.,1,CM0901892,,F,,,,,,,,,,,,,,,
For/Sav,DAIGUENE,10/2/2009,gambiae s.l.,1,CM0901893,,F,,,,,,,,,,,,,,,
For/Sav,DAIGUENE,10/2/2009,gambiae s.l.,1,CM0901894,,F,,,,,,,,,,,,,,,
For/Sav,DAIGUENE,10/2/2009,gambiae s.l.,1,CM0901895,,F,,,,,,,,,,,,,,,
For/Sav,DAIGUENE,10/2/2009,gambiae s.l.,1,CM0901896,,F,,,,,,,,,,,,,,,
For/Sav,DAIGUENE,10/2/2009,gambiae s.l.,1,CM0901897,,F,,,,,,,,,,,,,,,
For/Sav,DAIGUENE,10/2/2009,gambiae s.l.,1,CM0901898,,F,,,,,,,,,,,,,,,
For/Sav,DAIGUENE,10/2/2009,gambiae s.l.,1,CM0901899,,F,,,,,,,,,,,,,,,
For/Sav,DAIGUENE,10/2/2009,gambiae s.l.,1,CM0901900,,F,,,,,,,,,,,,,,,
For/Sav,DAIGUENE,10/2/2009,gambiae s.l.,1,CM0901901,,F,,,,,,,,,,,,,,,
For/Sav,DAIGUENE,10/2/2009,gambiae s.l.,1,CM0901902,,F,,,,,,,,,,,,,,,
For/Sav,DAIGUENE,10/2/2009,gambiae s.l.,1,CM0901903,,F,,,,,,,,,,,,,,,
For/Sav,DAIGUENE,10/2/2009,gambiae s.l.,1,CM0901904,,F,,,,,,,,,,,,,,,
For/Sav,DAIGUENE,10/2/2009,gambiae s.l.,1,CM0901905,,F,,,,,,,,,,,,,,,
For/Sav,DAIGUENE,10/2/2009,gambiae s.l.,1,CM0901906,,F,,,,,,,,,,,,,,,
For/Sav,DAIGUENE,10/2/2009,gambiae s.l.,1,CM0901907,,F,,,,,,,,,,,,,,,
For/Sav,DAIGUENE,10/2/2009,gambiae s.l.,1,CM0901908,,F,,,,,,,,,,,,,,,
For/Sav,DAIGUENE,10/2/2009,gambiae s.l.,1,CM0901909,,F,,,,,,,,,,,,,,,
For/Sav,DAIGUENE,10/2/2009,gambiae s.l.,1,CM0901910,,M,,,,,,,,,,,,,,,
For/Sav,DAIGUENE,10/2/2009,gambiae s.l.,1,CM0901911,,M,,,,,,,,,,,,,,,
For/Sav,DAIGUENE,10/2/2009,gambiae s.l.,1,CM0901912,,M,,,,,,,,,,,,,,,
For/Sav,DAIGUENE,10/2/2009,gambiae s.l.,1,CM0901913,,M,,,,,,,,,,,,,,,
For/Sav,DAIGUENE,10/2/2009,gambiae s.l.,1,CM0901914,,M,,,,,,,,,,,,,,,
For/Sav,DAIGUENE,10/2/2009,gambiae s.l.,1,CM0901915,,M,,,,,,,,,,,,,,,
For/Sav,DAIGUENE,10/2/2009,gambiae s.l.,1,CM0901916,,M,,,,,,,,,,,,,,,
For/Sav,DAIGUENE,10/2/2009,gambiae s.l.,1,CM0901917,,M,,,,,,,,,,,,,,,
For/Sav,DAIGUENE,10/2/2009,gambiae s.l.,1,CM0901918,,M,,,,,,,,,,,,,,,
For/Sav,DAIGUENE,10/2/2009,gambiae s.l.,1,CM0901919,,M,,,,,,,,,,,,,,,
For/Sav,DAIGUENE,10/2/2009,gambiae s.l.,1,CM0901920,,F,,,,,,,,,,,,,,,
For/Sav,DAIGUENE,10/2/2009,gambiae s.l.,1,CM0901921,,F,,,,,,,,,,,,,,,
For/Sav,DAIGUENE,10/2/2009,gambiae s.l.,1,CM0901922,,F,,,,,,,,,,,,,,,
For/Sav,DAIGUENE,10/2/2009,gambiae s.l.,1,CM0901923,,F,,,,,,,,,,,,,,,
For/Sav,DAIGUENE,10/2/2009,gambiae s.l.,1,CM0901924,,F,,,,,,,,,,,,,,,
For/Sav,DAIGUENE,10/2/2009,gambiae s.l.,1,CM0901925,,F,,,,,,,,,,,,,,,
For/Sav,DAIGUENE,10/2/2009,gambiae s.l.,1,CM0901926,,F,,,,,,,,,,,,,,,
For/Sav,DAIGUENE,10/2/2009,gambiae s.l.,1,CM0901927,,F,,,,,,,,,,,,,,,
For/Sav,DAIGUENE,10/2/2009,gambiae s.l.,1,CM0901928,,F,,,,,,,,,,,,,,,
For/Sav,DAIGUENE,10/2/2009,gambiae s.l.,1,CM0901929,,F,,,,,,,,,,,,,,,
For/Sav,DAIGUENE,10/2/2009,gambiae s.l.,1,CM0901930,,F,,,,,,,,,,,,,,,
For/Sav,DAIGUENE,10/2/2009,gambiae s.l.,1,CM0901931,,F,,,,,,,,,,,,,,,
For/Sav,DAIGUENE,10/2/2009,gambiae s.l.,1,CM0901932,,F,,,,,,,,,,,,,,,
For/Sav,DAIGUENE,10/2/2009,gambiae s.l.,1,CM0901933,,F,,,,,,,,,,,,,,,
For/Sav,DAIGUENE,10/2/2009,gambiae s.l.,1,CM0901934,,F,,,,,,,,,,,,,,,
For/Sav,DAIGUENE,10/2/2009,gambiae s.l.,1,CM0901935,,F,,,,,,,,,,,,,,,
For/Sav,DAIGUENE,10/2/2009,gambiae s.l.,1,CM0901936,,F,,,,,,,,,,,,,,,
For/Sav,DAIGUENE,10/2/2009,gambiae s.l.,1,CM0901937,,F,,,,,,,,,,,,,,,
For/Sav,DAIGUENE,10/2/2009,gambiae s.l.,1,CM0901938,,F,,,,,,,,,,,,,,,
For/Sav,DAIGUENE,10/2/2009,gambiae s.l.,1,CM0901939,,F,,,,,,,,,,,,,,,
For/Sav,DAIGUENE,10/2/2009,gambiae s.l.,1,CM0901940,,F,,,,,,,,,,,,,,,
For/Sav,DAIGUENE,10/2/2009,gambiae s.l.,1,CM0901941,,F,,,,,,,,,,,,,,,
For/Sav,DAIGUENE,10/2/2009,gambiae s.l.,1,CM0901942,,F,,,,,,,,,,,,,,,
For/Sav,DAIGUENE,10/2/2009,gambiae s.l.,1,CM0901943,,F,,,,,,,,,,,,,,,
For/Sav,DAIGUENE,10/2/2009,gambiae s.l.,1,CM0901944,,F,,,,,,,,,,,,,,,
For/Sav,DAIGUENE,10/2/2009,gambiae s.l.,1,CM0901945,,F,,,,,,,,,,,,,,,
For/Sav,DAIGUENE,10/2/2009,gambiae s.l.,1,CM0901946,,F,,,,,,,,,,,,,,,
For/Sav,DAIGUENE,10/2/2009,gambiae s.l.,1,CM0901947,,F,,,,,,,,,,,,,,,
For/Sav,DAIGUENE,10/2/2009,gambiae s.l.,1,CM0901948,,F,,,,,,,,,,,,,,,
For/Sav,DAIGUENE,10/2/2009,gambiae s.l.,1,CM0901949,,F,,,,,,,,,,,,,,,
For/Sav,DAIGUENE,10/2/2009,gambiae s.l.,1,CM0901950,,M,,,,,,,,,,,,,,,
For/Sav,DAIGUENE,10/2/2009,gambiae s.l.,1,CM0901951,,M,,,,,,,,,,,,,,,
For/Sav,DAIGUENE,10/2/2009,gambiae s.l.,1,CM0901952,,M,,,,,,,,,,,,,,,
For/Sav,DAIGUENE,10/2/2009,gambiae s.l.,1,CM0901953,,M,,,,,,,,,,,,,,,
For/Sav,DAIGUENE,10/2/2009,gambiae s.l.,1,CM0901954,,M,,,,,,,,,,,,,,,
For/Sav,DAIGUENE,10/2/2009,gambiae s.l.,1,CM0901955,,M,,,,,,,,,,,,,,,
For/Sav,DAIGUENE,10/2/2009,gambiae s.l.,1,CM0901956,,M,,,,,,,,,,,,,,,
For/Sav,DAIGUENE,10/2/2009,gambiae s.l.,1,CM0901957,,F,,,,,,,,,,,,,,,
For/Sav,DAIGUENE,10/2/2009,gambiae s.l.,1,CM0901958,,F,,,,,,,,,,,,,,,
For/Sav,DAIGUENE,10/2/2009,gambiae s.l.,1,CM0901959,,F,,,,,,,,,,,,,,,
For/Sav,DAIGUENE,10/2/2009,gambiae s.l.,1,CM0901960,,F,,,,,,,,,,,,,,,
For/Sav,DAIGUENE,10/2/2009,gambiae s.l.,1,CM0901961,,F,,,,,,,,,,,,,,,
Forest,NKOUMADJAP,9/29/2009,gambiae s.l.,1,CM0901534,,F,,0,,,,,,,,,,,,,
Forest,NKOUMADJAP,9/29/2009,gambiae s.l.,1,CM0901535,,F,2,1,,,,,,,,,,,,,
Forest,NKOUMADJAP,9/29/2009,gambiae s.l.,1,CM0901537,,F,0,0,,,,,,,,,,,,,
Forest,NKOUMADJAP,9/29/2009,gambiae s.l.,1,CM0901540,,F,1,,0,1,,,10/13/2009,A,0,1,0,0,0,0,010000
Forest,NKOUMADJAP,9/29/2009,gambiae s.l.,1,CM0901541,S,F,0,,,,,,,,,,,,,,
Forest,NKOUMADJAP,9/29/2009,gambiae s.l.,1,CM0901543,S,F,,1,,,,,,,,,,,,,
Forest,NKOUMADJAP,9/29/2009,gambiae s.l.,1,CM0901544,S,F,0,,,,,,,,,,,,,,
Forest,NKOUMADJAP,9/29/2009,gambiae s.l.,1,CM0901550,S,F,0,0,,,,,,,,,,,,,
Forest,NKOUMADJAP,9/29/2009,gambiae s.l.,1,CM0901551,S,F,2,2,,,,,,,,,,,,,
Forest,MAYOS,9/30/2009,gambiae s.l.,1,CM0901556,S,F,0,2,0,#N/R,,,10/30/2009,A,0,#N/R,0,0,0,0,0-0000
Forest,MAYOS,9/30/2009,gambiae s.l.,1,CM0901557,S,F,0,0,,,,,,,,,,,,,
Forest,MAYOS,9/30/2009,gambiae s.l.,1,CM0901563,S,F,0,0,#N/R,#N/R,,,10/30/2009,#N/R,#N/R,#N/R,#N/R,#N/R,#N/R,#N/R,------
Forest,MAYOS,9/30/2009,gambiae s.l.,1,CM0901566,S,F,0,,#N/R,#N/R,,,10/30/2009,#N/R,#N/R,#N/R,#N/R,#N/R,#N/R,#N/R,------
Forest,MAYOS,9/30/2009,gambiae s.l.,1,CM0901569,S,F,0,0,#N/R,#N/R,,,10/30/2009,#N/R,#N/R,#N/R,#N/R,#N/R,#N/R,#N/R,------
Forest,MAYOS,9/30/2009,gambiae s.l.,1,CM0901571,S,F,0,1,,,,,,,,,,,,,
Forest,MAYOS,9/30/2009,gambiae s.l.,1,CM0901574,S,F,,0,#N/R,#N/R,,,10/30/2009,#N/R,#N/R,#N/R,#N/R,#N/R,#N/R,#N/R,------
Forest,MAYOS,9/30/2009,gambiae s.l.,1,CM0901577,S,F,0,0,,,,,,,,,,,,,
Forest,MAYOS,9/30/2009,gambiae s.l.,1,CM0901586,S,F,2,0,,,,,,,,,,,,,
Forest,MAYOS,9/30/2009,gambiae s.l.,1,CM0901587,,F,,,,,,,,,,,,,,,
Forest,MAYOS,9/30/2009,gambiae s.l.,1,CM0901588,,F,,,,,,,,,,,,,,,
Forest,MAYOS,9/30/2009,gambiae s.l.,1,CM0901589,,F,,,,,,,,,,,,,,,
Forest,MAYOS,9/30/2009,gambiae s.l.,1,CM0901590,,F,,,,,,,,,,,,,,,
Forest,MAYOS,9/30/2009,gambiae s.l.,1,CM0901591,,F,,,,,,,,,,,,,,,
Forest,MAYOS,9/30/2009,gambiae s.l.,1,CM0901592,,F,,,,,,,,,,,,,,,
Forest,MAYOS,9/30/2009,gambiae s.l.,1,CM0901593,,F,,,,,,,,,,,,,,,
Forest,MAYOS,9/30/2009,gambiae s.l.,1,CM0901594,,F,,,,,,,,,,,,,,,
Forest,MAYOS,9/30/2009,gambiae s.l.,1,CM0901595,,F,,,,,,,,,,,,,,,
Forest,MAYOS,9/30/2009,gambiae s.l.,1,CM0901596,,F,,,,,,,,,,,,,,,
Forest,MAYOS,9/30/2009,gambiae s.l.,1,CM0901597,,F,,,,,,,,,,,,,,,
Forest,MAYOS,9/30/2009,gambiae s.l.,1,CM0901598,,F,,,,,,,,,,,,,,,
Forest,MAYOS,9/30/2009,gambiae s.l.,1,CM0901599,,F,,,,,,,,,,,,,,,
Forest,MAYOS,9/30/2009,gambiae s.l.,1,CM0901600,,F,,,,,,,,,,,,,,,
Forest,MAYOS,9/30/2009,gambiae s.l.,1,CM0901601,,F,,,,,,,,,,,,,,,
Forest,MAYOS,9/30/2009,gambiae s.l.,1,CM0901602,,F,,,,,,,,,,,,,,,
Forest,MAYOS,9/30/2009,gambiae s.l.,1,CM0901603,,F,,,,,,,,,,,,,,,
Forest,MAYOS,9/30/2009,gambiae s.l.,1,CM0901604,,F,,,,,,,,,,,,,,,
Forest,MAYOS,9/30/2009,gambiae s.l.,1,CM0901605,,F,,,,,,,,,,,,,,,
Forest,MAYOS,9/30/2009,gambiae s.l.,1,CM0901606,,F,,,,,,,,,,,,,,,
Forest,MAYOS,9/30/2009,gambiae s.l.,1,CM0901607,,F,,,,,,,,,,,,,,,
Forest,MAYOS,9/30/2009,gambiae s.l.,1,CM0901608,,F,,,,,,,,,,,,,,,
Forest,MAYOS,9/30/2009,gambiae s.l.,1,CM0901609,,F,,,,,,,,,,,,,,,
Forest,MAYOS,9/30/2009,gambiae s.l.,1,CM0901610,,F,,,,,,,,,,,,,,,
Forest,MAYOS,9/30/2009,gambiae s.l.,1,CM0901611,,F,,,,,,,,,,,,,,,
Forest,MAYOS,9/30/2009,gambiae s.l.,1,CM0901612,,F,,,,,,,,,,,,,,,
Forest,MAYOS,9/30/2009,gambiae s.l.,1,CM0901613,,F,,,,,,,,,,,,,,,
Forest,MAYOS,9/30/2009,gambiae s.l.,1,CM0901614,,F,,,,,,,,,,,,,,,
Forest,MAYOS,9/30/2009,gambiae s.l.,1,CM0901615,,F,,,,,,,,,,,,,,,
Forest,MAYOS,9/30/2009,gambiae s.l.,1,CM0901616,,F,,,,,,,,,,,,,,,
Forest,MAYOS,9/30/2009,gambiae s.l.,1,CM0901617,,F,,,,,,,,,,,,,,,
Forest,MAYOS,9/30/2009,gambiae s.l.,1,CM0901618,,F,,,,,,,,,,,,,,,
Forest,MAYOS,9/30/2009,gambiae s.l.,1,CM0901619,,F,,,,,,,,,,,,,,,
Forest,MAYOS,9/30/2009,gambiae s.l.,1,CM0901620,,F,,,,,,,,,,,,,,,
Forest,MAYOS,9/30/2009,gambiae s.l.,1,CM0901621,,F,,,,,,,,,,,,,,,
Forest,MAYOS,9/30/2009,gambiae s.l.,1,CM0901622,,F,,,,,,,,,,,,,,,
Forest,MAYOS,9/30/2009,gambiae s.l.,1,CM0901623,,F,,,,,,,,,,,,,,,
Forest,MAYOS,9/30/2009,gambiae s.l.,1,CM0901624,,F,,,,,,,,,,,,,,,
Forest,MAYOS,9/30/2009,gambiae s.l.,1,CM0901625,,F,,,,,,,,,,,,,,,
Forest,MAYOS,9/30/2009,gambiae s.l.,1,CM0901626,,F,,,,,,,,,,,,,,,
Forest,MAYOS,9/30/2009,gambiae s.l.,1,CM0901627,,F,,,,,,,,,,,,,,,
Forest,MAYOS,9/30/2009,gambiae s.l.,1,CM0901628,,F,,,,,,,,,,,,,,,
Forest,MAYOS,9/30/2009,gambiae s.l.,1,CM0901629,,F,,,,,,,,,,,,,,,
Forest,MAYOS,9/30/2009,gambiae s.l.,1,CM0901630,,F,,,,,,,,,,,,,,,
Forest,MAYOS,9/30/2009,gambiae s.l.,1,CM0901631,,F,,,,,,,,,,,,,,,
Forest,MAYOS,9/30/2009,gambiae s.l.,1,CM0901632,,F,,,,,,,,,,,,,,,
Forest,MAYOS,9/30/2009,gambiae s.l.,1,CM0901633,,F,,,,,,,,,,,,,,,
Forest,MAYOS,9/30/2009,gambiae s.l.,1,CM0901634,,F,,,,,,,,,,,,,,,
Forest,MAYOS,9/30/2009,gambiae s.l.,1,CM0901635,,F,,,,,,,,,,,,,,,
Forest,MAYOS,9/30/2009,gambiae s.l.,1,CM0901636,,F,,,,,,,,,,,,,,,
Forest,MAYOS,9/30/2009,gambiae s.l.,1,CM0901637,,F,,,,,,,,,,,,,,,
Forest,MAYOS,9/30/2009,gambiae s.l.,1,CM0901638,,F,,,,,,,,,,,,,,,
Forest,MAYOS,9/30/2009,gambiae s.l.,1,CM0901639,,F,,,,,,,,,,,,,,,
Forest,MAYOS,9/30/2009,gambiae s.l.,1,CM0901640,,F,,,,,,,,,,,,,,,
Forest,MAYOS,9/30/2009,gambiae s.l.,1,CM0901641,,F,,,,,,,,,,,,,,,
Forest,MAYOS,9/30/2009,gambiae s.l.,1,CM0901642,,F,,,,,,,,,,,,,,,
Forest,MAYOS,9/30/2009,gambiae s.l.,1,CM0901643,,F,,,,,,,,,,,,,,,
Forest,MAYOS,9/30/2009,gambiae s.l.,1,CM0901644,,F,,,,,,,,,,,,,,,
Forest,MAYOS,9/30/2009,gambiae s.l.,1,CM0901645,,F,,,,,,,,,,,,,,,
Forest,MAYOS,9/30/2009,gambiae s.l.,1,CM0901646,,F,,,,,,,,,,,,,,,
Forest,MAYOS,9/30/2009,gambiae s.l.,1,CM0901647,,F,,,,,,,,,,,,,,,
Forest,MAYOS,9/30/2009,gambiae s.l.,1,CM0901648,,F,,,,,,,,,,,,,,,
Forest,MAYOS,9/30/2009,gambiae s.l.,1,CM0901649,,F,,,,,,,,,,,,,,,
Forest,MAYOS,9/30/2009,gambiae s.l.,1,CM0901650,,F,,,,,,,,,,,,,,,
Forest,MAYOS,9/30/2009,gambiae s.l.,1,CM0901651,,F,,,,,,,,,,,,,,,
Forest,MAYOS,9/30/2009,gambiae s.l.,1,CM0901652,,F,,,,,,,,,,,,,,,
Forest,MAYOS,9/30/2009,gambiae s.l.,1,CM0901653,,F,,,,,,,,,,,,,,,
Forest,MAYOS,9/30/2009,gambiae s.l.,1,CM0901654,,F,,,,,,,,,,,,,,,
Forest,MAYOS,9/30/2009,gambiae s.l.,1,CM0901655,,F,,,,,,,,,,,,,,,
Forest,MAYOS,9/30/2009,gambiae s.l.,1,CM0901656,,F,,,,,,,,,,,,,,,
Forest,MAYOS,9/30/2009,gambiae s.l.,1,CM0901657,,F,,,,,,,,,,,,,,,
Forest,MAYOS,9/30/2009,gambiae s.l.,1,CM0901658,,F,,,,,,,,,,,,,,,
Forest,MAYOS,9/30/2009,gambiae s.l.,1,CM0901659,,F,,,,,,,,,,,,,,,
Forest,MAYOS,9/30/2009,gambiae s.l.,1,CM0901660,,F,,,,,,,,,,,,,,,
Forest,MAYOS,9/30/2009,gambiae s.l.,1,CM0901661,,F,,,,,,,,,,,,,,,
Forest,MAYOS,9/30/2009,gambiae s.l.,1,CM0901662,,F,,,,,,,,,,,,,,,
Forest,MAYOS,9/30/2009,gambiae s.l.,1,CM0901663,,F,,,,,,,,,,,,,,,
Forest,MAYOS,9/30/2009,gambiae s.l.,1,CM0901664,,F,,,,,,,,,,,,,,,
Forest,MAYOS,9/30/2009,gambiae s.l.,1,CM0901665,,F,,,,,,,,,,,,,,,
Forest,MAYOS,9/30/2009,gambiae s.l.,1,CM0901666,,F,,,,,,,,,,,,,,,
Forest,MAYOS,9/30/2009,gambiae s.l.,1,CM0901667,,F,,,,,,,,,,,,,,,
Forest,MAYOS,9/30/2009,gambiae s.l.,1,CM0901668,,F,,,,,,,,,,,,,,,
Forest,MAYOS,9/30/2009,gambiae s.l.,1,CM0901669,,F,,,,,,,,,,,,,,,
Forest,MAYOS,9/30/2009,gambiae s.l.,1,CM0901670,,F,,,,,,,,,,,,,,,
Forest,MAYOS,9/30/2009,gambiae s.l.,1,CM0901671,,F,,,,,,,,,,,,,,,
Forest,MAYOS,9/30/2009,gambiae s.l.,1,CM0901672,,F,,,,,,,,,,,,,,,
Forest,MAYOS,9/30/2009,gambiae s.l.,1,CM0901673,,F,,,,,,,,,,,,,,,
Forest,MAYOS,9/30/2009,gambiae s.l.,1,CM0901674,,F,,,,,,,,,,,,,,,
Forest,MAYOS,9/30/2009,gambiae s.l.,1,CM0901675,,F,,,,,,,,,,,,,,,
Forest,MAYOS,9/30/2009,gambiae s.l.,1,CM0901676,,F,,,,,,,,,,,,,,,
Forest,MAYOS,9/30/2009,gambiae s.l.,1,CM0901677,,F,,,,,,,,,,,,,,,
Forest,MAYOS,9/30/2009,gambiae s.l.,1,CM0901678,,F,,,,,,,,,,,,,,,
Forest,MAYOS,9/30/2009,gambiae s.l.,1,CM0901679,,F,,,,,,,,,,,,,,,
Forest,MAYOS,9/30/2009,gambiae s.l.,1,CM0901680,,F,,,,,,,,,,,,,,,
Forest,MAYOS,9/30/2009,gambiae s.l.,1,CM0901681,,F,,,,,,,,,,,,,,,
Forest,MAYOS,9/30/2009,gambiae s.l.,1,CM0901682,,F,,,,,,,,,,,,,,,
Forest,MAYOS,9/30/2009,gambiae s.l.,1,CM0901683,,F,,,,,,,,,,,,,,,
Forest,MAYOS,9/30/2009,gambiae s.l.,1,CM0901684,,F,,,,,,,,,,,,,,,
Forest,MAYOS,9/30/2009,gambiae s.l.,1,CM0901685,,F,,,,,,,,,,,,,,,
Forest,MAYOS,9/30/2009,gambiae s.l.,1,CM0901686,,F,,,,,,,,,,,,,,,
Forest,MAYOS,9/30/2009,gambiae s.l.,1,CM0901687,,F,,,,,,,,,,,,,,,
Forest,MAYOS,9/30/2009,gambiae s.l.,1,CM0901688,,F,,,,,,,,,,,,,,,
Forest,MAYOS,9/30/2009,gambiae s.l.,1,CM0901689,,F,,,,,,,,,,,,,,,
Forest,MAYOS,9/30/2009,gambiae s.l.,1,CM0901690,,F,,,,,,,,,,,,,,,
Forest,MAYOS,9/30/2009,gambiae s.l.,1,CM0901691,,F,,,,,,,,,,,,,,,
Forest,MAYOS,9/30/2009,gambiae s.l.,1,CM0901692,,F,,,,,,,,,,,,,,,
Forest,MAYOS,9/30/2009,gambiae s.l.,1,CM0901693,,F,,,,,,,,,,,,,,,
Forest,MAYOS,9/30/2009,gambiae s.l.,1,CM0901694,,F,,,,,,,,,,,,,,,
Forest,MAYOS,9/30/2009,gambiae s.l.,1,CM0901695,,F,,,,,,,,,,,,,,,
Forest,MAYOS,9/30/2009,gambiae s.l.,1,CM0901696,,F,,,,,,,,,,,,,,,
Forest,MAYOS,9/30/2009,gambiae s.l.,1,CM0901697,,F,,,,,,,,,,,,,,,
Forest,MAYOS,9/30/2009,gambiae s.l.,1,CM0901698,,F,,,,,,,,,,,,,,,
Forest,MAYOS,9/30/2009,gambiae s.l.,1,CM0901699,,F,,,,,,,,,,,,,,,
Forest,MAYOS,9/30/2009,gambiae s.l.,1,CM0901700,,F,,,,,,,,,,,,,,,
Forest,MAYOS,9/30/2009,gambiae s.l.,1,CM0901701,,F,,,,,,,,,,,,,,,
Forest,MAYOS,9/30/2009,gambiae s.l.,1,CM0901702,,F,,,,,,,,,,,,,,,
Forest,MAYOS,9/30/2009,gambiae s.l.,1,CM0901703,,F,,,,,,,,,,,,,,,
Forest,MAYOS,9/30/2009,gambiae s.l.,1,CM0901704,,F,,,,,,,,,,,,,,,
Forest,MAYOS,9/30/2009,gambiae s.l.,1,CM0901705,,F,,,,,,,,,,,,,,,
Forest,MAYOS,9/30/2009,gambiae s.l.,1,CM0901706,,F,,,,,,,,,,,,,,,
Forest,MAYOS,9/30/2009,gambiae s.l.,1,CM0901707,,F,,,,,,,,,,,,,,,
Forest,MAYOS,9/30/2009,gambiae s.l.,1,CM0901708,,F,,,,,,,,,,,,,,,
Forest,MAYOS,9/30/2009,gambiae s.l.,1,CM0901709,,F,,,,,,,,,,,,,,,
Forest,MAYOS,9/30/2009,gambiae s.l.,1,CM0901710,,F,,,,,,,,,,,,,,,
Forest,MAYOS,9/30/2009,gambiae s.l.,1,CM0901711,,F,,,,,,,,,,,,,,,
Forest,MAYOS,9/30/2009,gambiae s.l.,1,CM0901712,,F,,,,,,,,,,,,,,,
Forest,MAYOS,9/30/2009,gambiae s.l.,1,CM0901713,,F,,,,,,,,,,,,,,,
Forest,MAYOS,9/30/2009,gambiae s.l.,1,CM0901714,,F,,,,,,,,,,,,,,,
Forest,MAYOS,9/30/2009,gambiae s.l.,1,CM0901715,,F,,,,,,,,,,,,,,,
Forest,MAYOS,9/30/2009,gambiae s.l.,1,CM0901716,,F,,,,,,,,,,,,,,,
Forest,MAYOS,9/30/2009,gambiae s.l.,1,CM0901717,,F,,,,,,,,,,,,,,,
Forest,MAYOS,9/30/2009,gambiae s.l.,1,CM0901718,,F,,,,,,,,,,,,,,,
Forest,MAYOS,9/30/2009,gambiae s.l.,1,CM0901719,,F,,,,,,,,,,,,,,,
Forest,MAYOS,9/30/2009,gambiae s.l.,1,CM0901720,,F,,,,,,,,,,,,,,,
Forest,MAYOS,9/30/2009,gambiae s.l.,1,CM0901721,,F,,,,,,,,,,,,,,,
Forest,MAYOS,9/30/2009,gambiae s.l.,1,CM0901722,,F,,,,,,,,,,,,,,,
Forest,MAYOS,9/30/2009,gambiae s.l.,1,CM0901723,,F,,,,,,,,,,,,,,,
Forest,MAYOS,9/30/2009,gambiae s.l.,1,CM0901724,,F,,,,,,,,,,,,,,,
Forest,MAYOS,9/30/2009,gambiae s.l.,1,CM0901725,,F,,,,,,,,,,,,,,,
Forest,MAYOS,9/30/2009,gambiae s.l.,1,CM0901726,,F,,,,,,,,,,,,,,,
Forest,MAYOS,9/30/2009,gambiae s.l.,1,CM0901727,,F,,,,,,,,,,,,,,,
Forest,MAYOS,9/30/2009,gambiae s.l.,1,CM0901728,,F,,,,,,,,,,,,,,,
Forest,MAYOS,9/30/2009,gambiae s.l.,1,CM0901729,,F,,,,,,,,,,,,,,,
Forest,MAYOS,9/30/2009,gambiae s.l.,1,CM0901730,,F,,,,,,,,,,,,,,,
Forest,MAYOS,9/30/2009,gambiae s.l.,1,CM0901731,,F,,,,,,,,,,,,,,,
Forest,MAYOS,9/30/2009,gambiae s.l.,1,CM0901732,,F,,,,,,,,,,,,,,,
Forest,MAYOS,9/30/2009,gambiae s.l.,1,CM0901733,,F,,,,,,,,,,,,,,,
Forest,MAYOS,9/30/2009,gambiae s.l.,1,CM0901734,,F,,,,,,,,,,,,,,,
Forest,MAYOS,9/30/2009,gambiae s.l.,1,CM0901735,,F,,,,,,,,,,,,,,,
Forest,MAYOS,9/30/2009,gambiae s.l.,1,CM0901736,,F,,,,,,,,,,,,,,,
Forest,MAYOS,9/30/2009,gambiae s.l.,1,CM0901737,,F,,,,,,,,,,,,,,,
Forest,MAYOS,9/30/2009,gambiae s.l.,1,CM0901738,,F,,,,,,,,,,,,,,,
Forest,MAYOS,9/30/2009,gambiae s.l.,1,CM0901739,,F,,,,,,,,,,,,,,,
Forest,MAYOS,9/30/2009,gambiae s.l.,1,CM0901740,,F,,,,,,,,,,,,,,,
Forest,MAYOS,9/30/2009,gambiae s.l.,1,CM0901741,,F,,,,,,,,,,,,,,,
Forest,MAYOS,9/30/2009,gambiae s.l.,1,CM0901742,,F,,,,,,,,,,,,,,,
Forest,MAYOS,9/30/2009,gambiae s.l.,1,CM0901743,,F,,,,,,,,,,,,,,,
Forest,MAYOS,9/30/2009,gambiae s.l.,1,CM0901744,,F,,,,,,,,,,,,,,,
Forest,MAYOS,9/30/2009,gambiae s.l.,1,CM0901745,,F,,,,,,,,,,,,,,,
Forest,MAYOS,9/30/2009,gambiae s.l.,1,CM0901746,,F,,,,,,,,,,,,,,,
Forest,MAYOS,9/30/2009,gambiae s.l.,1,CM0901747,,F,,,,,,,,,,,,,,,
Forest,MAYOS,9/30/2009,gambiae s.l.,1,CM0901748,,F,,,,,,,,,,,,,,,
Forest,MAYOS,9/30/2009,gambiae s.l.,1,CM0901749,,F,,,,,,,,,,,,,,,
Forest,MAYOS,9/30/2009,gambiae s.l.,1,CM0901750,,F,,,,,,,,,,,,,,,
Forest,MAYOS,9/30/2009,gambiae s.l.,1,CM0901751,,F,,,,,,,,,,,,,,,
Forest,MAYOS,9/30/2009,gambiae s.l.,1,CM0901752,,F,,,,,,,,,,,,,,,
Forest,MAYOS,9/30/2009,gambiae s.l.,1,CM0901753,,F,,,,,,,,,,,,,,,
Forest,MAYOS,9/30/2009,gambiae s.l.,1,CM0901754,,F,,,,,,,,,,,,,,,
Forest,MAYOS,9/30/2009,gambiae s.l.,1,CM0901755,,F,,,,,,,,,,,,,,,
Forest,MAYOS,9/30/2009,gambiae s.l.,1,CM0901756,,F,,,,,,,,,,,,,,,
Forest,MAYOS,9/30/2009,gambiae s.l.,1,CM0901757,,F,,,,,,,,,,,,,,,
Forest,MAYOS,9/30/2009,gambiae s.l.,1,CM0901758,,F,,,,,,,,,,,,,,,
Forest,MAYOS,9/30/2009,gambiae s.l.,1,CM0901759,,F,,,,,,,,,,,,,,,
Forest,MAYOS,9/30/2009,gambiae s.l.,1,CM0901760,,F,,,,,,,,,,,,,,,
Forest,MAYOS,9/30/2009,gambiae s.l.,1,CM0901761,,F,,,,,,,,,,,,,,,
Forest,MAYOS,9/30/2009,gambiae s.l.,1,CM0901762,,F,,,,,,,,,,,,,,,
Forest,MAYOS,9/30/2009,gambiae s.l.,1,CM0901763,,F,,,,,,,,,,,,,,,
Forest,MAYOS,9/30/2009,gambiae s.l.,1,CM0901764,,F,,,,,,,,,,,,,,,
Forest,MAYOS,9/30/2009,gambiae s.l.,1,CM0901765,,F,,,,,,,,,,,,,,,
Forest,MAYOS,9/30/2009,gambiae s.l.,1,CM0901766,,F,,,,,,,,,,,,,,,
Forest,MAYOS,9/30/2009,gambiae s.l.,1,CM0901767,,M,,,,,,,,,,,,,,,
Forest,MAYOS,9/30/2009,gambiae s.l.,1,CM0901768,,M,,,,,,,,,,,,,,,
Forest,MAYOS,9/30/2009,gambiae s.l.,1,CM0901769,,M,,,,,,,,,,,,,,,
Forest,MAYOS,9/30/2009,gambiae s.l.,1,CM0901770,,M,,,,,,,,,,,,,,,
Forest,MAYOS,9/30/2009,gambiae s.l.,1,CM0901771,,M,,,,,,,,,,,,,,,
Forest,MAYOS,9/30/2009,gambiae s.l.,1,CM0901772,,M,,,,,,,,,,,,,,,
Forest,MAYOS,9/30/2009,gambiae s.l.,1,CM0901773,,M,,,,,,,,,,,,,,,
Forest,MAYOS,9/30/2009,gambiae s.l.,1,CM0901774,,M,,,,,,,,,,,,,,,
Forest,MAYOS,9/30/2009,gambiae s.l.,1,CM0901775,,M,,,,,,,,,,,,,,,
Forest,MAYOS,9/30/2009,gambiae s.l.,1,CM0901776,,M,,,,,,,,,,,,,,,
Forest,MAYOS,9/30/2009,gambiae s.l.,1,CM0901777,,M,,,,,,,,,,,,,,,
Forest,MAYOS,10/1/2009,gambiae s.l.,1,CM0901778,,F,,,#N/R,#N/R,,,11/2/2009,#N/R,#N/R,#N/R,#N/R,#N/R,#N/R,#N/R,------
Forest,MAYOS,10/1/2009,gambiae s.l.,1,CM0901779,,F,,,,,,,,,,,,,,,
Forest,MAYOS,10/1/2009,gambiae s.l.,1,CM0901780,,F,,,,,,,,,,,,,,,
Forest,MAYOS,10/1/2009,gambiae s.l.,1,CM0901782,,F,,,,,,,,,,,,,,,
Forest,MAYOS,10/1/2009,gambiae s.l.,1,CM0901783,,F,,,,,,,,,,,,,,,
Forest,MAYOS,10/1/2009,gambiae s.l.,1,CM0901784,,F,,,,,,,,,,,,,,,
Forest,MAYOS,10/1/2009,gambiae s.l.,1,CM0901785,,F,,,,,,,,,,,,,,,
Forest,MAYOS,10/1/2009,gambiae s.l.,1,CM0901786,,F,,,,,,,,,,,,,,,
Forest,MAYOS,10/1/2009,gambiae s.l.,1,CM0901787,,F,,,,,,,,,,,,,,,
Forest,MAYOS,10/1/2009,gambiae s.l.,1,CM0901789,,F,,,,,,,,,,,,,,,
Forest,MAYOS,10/1/2009,gambiae s.l.,1,CM0901790,,F,,,,,,,,,,,,,,,
Forest,MAYOS,10/1/2009,gambiae s.l.,1,CM0901792,,F,,,#N/R,#N/R,,,11/2/2009,#N/R,#N/R,#N/R,#N/R,#N/R,#N/R,#N/R,------
Forest,MAYOS,10/1/2009,gambiae s.l.,1,CM0901794,,F,,,,,,,,,,,,,,,
Forest,MAYOS,10/1/2009,gambiae s.l.,1,CM0901795,,F,,,,,,,,,,,,,,,
Forest,MAYOS,10/1/2009,gambiae s.l.,1,CM0901796,,F,,,,,,,,,,,,,,,
Forest,MAYOS,10/1/2009,gambiae s.l.,1,CM0901797,,F,,,#N/R,#N/R,,,11/2/2009,#N/R,#N/R,#N/R,#N/R,#N/R,#N/R,#N/R,------
Forest,MAYOS,10/1/2009,gambiae s.l.,1,CM0901798,,F,,,,,,,,,,,,,,,
Forest,MAYOS,10/1/2009,gambiae s.l.,1,CM0901802,,F,,,#N/R,#N/R,,,11/2/2009,#N/R,#N/R,#N/R,#N/R,#N/R,#N/R,#N/R,------
Forest,MAYOS,10/1/2009,gambiae s.l.,1,CM0901807,S,F,,,#N/R,#N/R,,,11/4/2009,#N/R,#N/R,#N/R,#N/R,#N/R,#N/R,#N/R,------
Forest,MAYOS,10/1/2009,gambiae s.l.,1,CM0901811,,F,,,,,,,,,,,,,,,
Forest,MAYOS,10/1/2009,gambiae s.l.,1,CM0901812,,F,,,,,,,,,,,,,,,
Forest,MAYOS,10/1/2009,gambiae s.l.,1,CM0901813,,F,,,#N/R,#N/R,,,11/4/2009,#N/R,#N/R,#N/R,#N/R,#N/R,#N/R,#N/R,------
Forest,MAYOS,10/1/2009,gambiae s.l.,1,CM0901815,,F,,,#N/R,#N/R,,,11/4/2009,#N/R,#N/R,#N/R,#N/R,#N/R,#N/R,#N/R,------
Forest,MAYOS,10/1/2009,gambiae s.l.,1,CM0901816,,F,,,,,,,,,,,,,,,
Forest,MAYOS,10/1/2009,gambiae s.l.,1,CM0901817,,F,,,,,,,,,,,,,,,
Forest,MAYOS,10/1/2009,gambiae s.l.,1,CM0901819,,F,,,,,,,,,,,,,,,
Forest,MAYOS,10/1/2009,gambiae s.l.,1,CM0901820,,F,,,,,,,,,,,,,,,
Forest,MAYOS,10/1/2009,gambiae s.l.,1,CM0901821,,F,,,,,,,,,,,,,,,
Forest,MAYOS,10/1/2009,gambiae s.l.,1,CM0901822,,F,,,,,,,,,,,,,,,
Forest,MAYOS,10/1/2009,gambiae s.l.,1,CM0901823,,F,,,,,,,,,,,,,,,
Forest,MAYOS,10/1/2009,gambiae s.l.,1,CM0901824,,F,,,,,,,,,,,,,,,
Forest,MAYOS,10/1/2009,gambiae s.l.,1,CM0901825,,F,,,,,,,,,,,,,,,
Forest,MAYOS,10/1/2009,gambiae s.l.,1,CM0901826,,F,,,,,,,,,,,,,,,
Forest,MAYOS,10/1/2009,gambiae s.l.,1,CM0901827,,F,,,,,,,,,,,,,,,
Forest,MAYOS,10/1/2009,gambiae s.l.,1,CM0901828,,F,,,,,,,,,,,,,,,
Forest,MAYOS,10/1/2009,gambiae s.l.,1,CM0901829,,F,,,,,,,,,,,,,,,
Forest,MAYOS,10/1/2009,gambiae s.l.,1,CM0901830,,F,,,,,,,,,,,,,,,
Forest,MAYOS,10/1/2009,gambiae s.l.,1,CM0901831,,F,,,,,,,,,,,,,,,
Forest,MAYOS,10/1/2009,gambiae s.l.,1,CM0901832,,F,,,,,,,,,,,,,,,
Forest,MAYOS,10/1/2009,gambiae s.l.,1,CM0901833,,F,,,,,,,,,,,,,,,
Forest,MAYOS,10/1/2009,gambiae s.l.,1,CM0901834,,F,,,,,,,,,,,,,,,
Forest,MAYOS,10/1/2009,gambiae s.l.,1,CM0901835,,F,,,,,,,,,,,,,,,
Forest,MAYOS,10/1/2009,gambiae s.l.,1,CM0901836,,F,,,,,,,,,,,,,,,
Forest,MAYOS,10/1/2009,gambiae s.l.,1,CM0901837,,F,,,,,,,,,,,,,,,
Forest,MAYOS,10/1/2009,gambiae s.l.,1,CM0901838,,F,,,,,,,,,,,,,,,
Forest,MAYOS,10/1/2009,gambiae s.l.,1,CM0901839,,F,,,,,,,,,,,,,,,
Forest,MAYOS,10/1/2009,gambiae s.l.,1,CM0901840,,F,,,,,,,,,,,,,,,
Forest,MAYOS,10/1/2009,gambiae s.l.,1,CM0901841,,F,,,,,,,,,,,,,,,
Forest,MAYOS,10/1/2009,gambiae s.l.,1,CM0901842,,F,,,,,,,,,,,,,,,
Forest,MAYOS,10/1/2009,gambiae s.l.,1,CM0901843,,F,,,,,,,,,,,,,,,
Forest,MAYOS,10/1/2009,gambiae s.l.,1,CM0901844,,F,,,,,,,,,,,,,,,
Forest,MAYOS,10/1/2009,gambiae s.l.,1,CM0901845,,F,,,,,,,,,,,,,,,
Forest,MAYOS,10/1/2009,gambiae s.l.,1,CM0901846,,F,,,,,,,,,,,,,,,
Forest,MAYOS,10/1/2009,gambiae s.l.,1,CM0901847,,M,,,,,,,,,,,,,,,
Forest,MAYOS,10/1/2009,gambiae s.l.,1,CM0901848,,F,,,,,,,,,,,,,,,
Forest,MAYOS,10/1/2009,gambiae s.l.,1,CM0901849,,F,,,,,,,,,,,,,,,
Forest,MAYOS,10/1/2009,gambiae s.l.,1,CM0901850,,F,,,,,,,,,,,,,,,
Forest,MAYOS,10/1/2009,gambiae s.l.,1,CM0901851,,F,,,,,,,,,,,,,,,
Forest,MAYOS,10/1/2009,gambiae s.l.,1,CM0901852,,M,,,,,,,,,,,,,,,
Forest,MAYOS,10/1/2009,gambiae s.l.,1,CM0901853,,M,,,,,,,,,,,,,,,
Forest,MAYOS,10/1/2009,gambiae s.l.,1,CM0901854,,F,,,,,,,,,,,,,,,
Forest,MAYOS,10/1/2009,gambiae s.l.,1,CM0901855,,M,,,,,,,,,,,,,,,
Savanna,ZEMBE-BORONGO,10/20/2009,gambiae s.l.,1,CM0901979,arab.,F,,2,,,,,,,,,,,,,
Savanna,ZEMBE-BORONGO,10/20/2009,gambiae s.l.,1,CM0901981,arab.,F,2,2,,,,,,,,,,,,,
Savanna,ZEMBE-BORONGO,10/20/2009,gambiae s.l.,1,CM0901989,arab.,F,2,2,,,,,,,,,,,,,
Savanna,GADO-BADZERE,10/22/2009,gambiae s.l.,1,CM0902132,arab.,F,2,2,2,2,,,11/9/2009,A?,0,2,0,0,0,2,020002
Savanna,GADO-BADZERE,10/23/2009,gambiae s.l.,1,CM0902237,arab.,F,2,2,2,2,,,11/16/2009,A,0,2,0,0,0,2,020002
For/Sav,DAIGUENE,9/22/2009,gambiae s.l.,1,CM0901204,,F,,,,,does not work,,,,,,,,,,
For/Sav,DAIGUENE,9/24/2009,gambiae s.l.,1,CM0901228,S,F,0,2,,,2 was 1,,,,,,,,,,
Savanna,ZEMBE-BORONGO,10/21/2009,funestus,1,CM0902123,,F,,,,,,,,,,,,,,,
Savanna,ZEMBE-BORONGO,10/21/2009,refupes,1,CM0902124,,F,,,,,,,,,,,,,,,
Savanna,GADO-BADZERE,10/22/2009,refupes,1,CM0902155,,F,,,,,,,,,,,,,,,
Savanna,GADO-BADZERE,10/24/2009,funestus,1,CM0902329,,F,,,,,,,,,,,,,,,
For/Sav,DAIGUENE,9/22/2009,funestus,1,CM0901185,,F,,,,,,,,,,,,,,,
For/Sav,DAIGUENE,9/22/2009,funestus,1,CM0901186,,F,,,,,,,,,,,,,,,
For/Sav,DAIGUENE,9/22/2009,funestus,1,CM0901187,,F,,,,,,,,,,,,,,,
For/Sav,DAIGUENE,9/22/2009,funestus,1,CM0901188,,F,,,,,,,,,,,,,,,
For/Sav,DAIGUENE,9/22/2009,funestus,1,CM0901189,,F,,,,,,,,,,,,,,,
For/Sav,DAIGUENE,9/22/2009,funestus,7,CM0901196,,F,,,,,,,,,,,,,,,
For/Sav,DAIGUENE,9/22/2009,funestus,10,CM0901208,,F,,,,,,,,,,,,,,,
For/Sav,DAIGUENE,9/22/2009,funestus,9,CM0901209,,F,,,,,,,,,,,,,,,
For/Sav,YANGAMO,9/23/2009,funestus,1,CM0901211,,F,,,,,,,,,,,,,,,
For/Sav,MBOMBA,9/23/2009,funestus,1,CM0901212,,F,,,,,,,,,,,,,,,
For/Sav,DAIGUENE,9/24/2009,funestus,1,CM0901223,,F,,,,,,,,,,,,,,,
For/Sav,DAIGUENE,9/24/2009,funestus,1,CM0901224,,F,,,,,,,,,,,,,,,
For/Sav,DAIGUENE,9/24/2009,funestus,1,CM0901225,,F,,,,,,,,,,,,,,,
For/Sav,DAIGUENE,9/24/2009,funestus,1,CM0901226,,F,,,,,,,,,,,,,,,
For/Sav,DAIGUENE,9/24/2009,funestus,1,CM0901227,,F,,,,,,,,,,,,,,,
For/Sav,DAIGUENE,9/24/2009,funestus,15,CM0901231,,F,,,,,,,,,,,,,,,
For/Sav,DAIGUENE,9/24/2009,funestus,15,CM0901232,,F,,,,,,,,,,,,,,,
For/Sav,DAIGUENE,9/24/2009,funestus,15,CM0901233,,F,,,,,,,,,,,,,,,
For/Sav,DAIGUENE,9/24/2009,funestus,15,CM0901234,,F,,,,,,,,,,,,,,,
For/Sav,DAIGUENE,9/24/2009,funestus,24,CM0901235,,F,,,,,,,,,,,,,,,
For/Sav,DAIGUENE,9/24/2009,funestus,1,CM0901252,,F,,,,,,,,,,,,,,,
For/Sav,DAIGUENE,9/24/2009,funestus,1,CM0901253,,F,,,,,,,,,,,,,,,
For/Sav,DAIGUENE,9/24/2009,funestus,1,CM0901254,,F,,,,,,,,,,,,,,,
For/Sav,DAIGUENE,9/24/2009,funestus,1,CM0901255,,F,,,,,,,,,,,,,,,
For/Sav,DAIGUENE,9/24/2009,funestus,1,CM0901256,,F,,,,,,,,,,,,,,,
For/Sav,DAIGUENE,9/24/2009,funestus,1,CM0901257,,F,,,,,,,,,,,,,,,
For/Sav,DAIGUENE,9/24/2009,funestus,1,CM0901258,,F,,,,,,,,,,,,,,,
For/Sav,DAIGUENE,9/24/2009,funestus,20,CM0901259,,F,,,,,,,,,,,,,,,
For/Sav,DAIGUENE,9/24/2009,funestus,20,CM0901260,,F,,,,,,,,,,,,,,,
For/Sav,DAIGUENE,9/24/2009,funestus,19,CM0901261,,F,,,,,,,,,,,,,,,
For/Sav,MBOULEMBE,9/25/2009,funestus,3,CM0901267,,F,,,,,,,,,,,,,,,
For/Sav,DAIGUENE,9/26/2009,funestus,1,CM0901273,,F,,,,,,,,,,,,,,,
For/Sav,DAIGUENE,9/26/2009,funestus,1,CM0901274,,F,,,,,,,,,,,,,,,
For/Sav,DAIGUENE,9/26/2009,funestus,15,CM0901275,,F,,,,,,,,,,,,,,,
For/Sav,DAIGUENE,9/26/2009,funestus,21,CM0901276,,F,,,,,,,,,,,,,,,
For/Sav,DAIGUENE,9/26/2009,funestus,7,CM0901277,,F,,,,,,,,,,,,,,,
For/Sav,DAIGUENE,9/26/2009,?,1,CM0901278,,F,,,,,,,,,,,,,,,
For/Sav,DAIGUENE,9/28/2009,funestus,4,CM0901532,,F,,,,,,,,,,,,,,,
For/Sav,DAIGUENE,10/2/2009,funestus,2,CM0901869,,F,,,,,,,,,,,,,,,
Forest,NKOUMADJAP,9/29/2009,?,1,CM0901542,,F,,,,,,,,,,,,,,,
Forest,NKOUMADJAP,9/29/2009,moucheti,1,CM0901552,,F,,,,,,,,,,,,,,,
