CK1,CK1_1-HE,haploid_embryo,SRX058145,"X,2L,2R,3L,3R",76,76,110.9,39.4,DPGP2
CK2,CK2_1-HE,haploid_embryo,SRX058146,"X,2L,2R,3L,3R",146,146,111.6,44.7,DPGP2
CO1,CO1_1-HE,haploid_embryo,SRX058148,"X,2L,2R,3L,3R",76,76,111.0,34.5,DPGP2
CO10b-3,CO10b-3_1,homozygous_chromosome_line,SRX058149,"3L,3R",76,76,49.4,19.3,DPGP2
CO10N,CO10N_2-HE,haploid_embryo,SRX058150,"X,2L,2R,3L,3R",76,76,110.7,29.0,DPGP2
CO13N,CO13N_1-HE,haploid_embryo,SRX058151,"X,2L,2R,3L,3R",146,146,111.3,39.8,DPGP2
CO14,CO14_1-HE,haploid_embryo,SRX058152,"X,2L,2R,3L,3R",76,76,110.8,28.4,DPGP2
CO15N,CO15N_1-HE,haploid_embryo,SRX058153,"X,2L,2R,3L,3R",76,76,111.1,44.2,DPGP2
CO16,CO16_1-HE,haploid_embryo,SRX058154,"X,2L,2R,3L,3R",76,76,110.9,27.4,DPGP2
CO16-3,CO16-3_2,homozygous_chromosome_line,SRX043637,"3L,3R",76,76,49.1,17.6,DPGP2
CO2,CO2_1-HE,haploid_embryo,SRX058155,"X,2L,2R,3L,3R",76,76,110.9,39.5,DPGP2
CO4N,CO4N_1-HE,haploid_embryo,SRX058156,"X,2L,2R,3L,3R",76,76,111.0,37.7,DPGP2
CO8b-3,CO8b-3_1,homozygous_chromosome_line,SRX058157,"3L,3R",76,76,49.4,18.8,DPGP2
CO8N,CO8N_1-HE,haploid_embryo,SRX058158,"X,2L,2R,3L,3R",76,76,111.0,35.1,DPGP2
CO9N,CO9N_1-HE,haploid_embryo,SRX058159,"X,2L,2R,3L,3R",146,146,111.1,40.8,DPGP2
ED10N,ED10N_1-HE,haploid_embryo,SRX058161,"X,2L,2R,3L,3R",76,76,111.0,38.5,DPGP2
ED19-1-3,ED19-1-3_1,homozygous_chromosome_line,SRX058162,"X,3L,3R",76,76,69.9,24.1,DPGP2
ED2,ED2_1-HE,haploid_embryo,SRX058163,"X,2L,2R,3L,3R",76,76,110.7,32.4,DPGP2
ED3,ED3_1-HE,haploid_embryo,SRX058164,"X,2L,2R,3L,3R",76,76,110.8,31.0,DPGP2
ED55-2,ED55-2_1,homozygous_chromosome_line,SRX058170,"2L,2R",76,76,37.8,7.2,DPGP2
ED56-2,ED56-2_1,homozygous_chromosome_line,SRX058172,"2L,2R",76,76,40.8,20.0,DPGP2
ED5N,ED5N_1-HE,haploid_embryo,SRX058173,"X,2L,2R,3L,3R",76,76,111.0,32.9,DPGP2
ED6N,ED6N_1-HE,haploid_embryo,SRX058174,"X,2L,2R,3L,3R",76,76,111.1,35.8,DPGP2
EZ2,EZ2_1-HE,haploid_embryo,SRX058175,"X,2L,2R,3L,3R",76,76,110.9,31.8,DPGP2
EZ25,EZ25_1-HE,haploid_embryo,SRX058177,"X,2L,2R,3L,3R",76,76,111.0,31.2,DPGP2
EZ5N,EZ5N_1-HE,haploid_embryo,SRX058178,"X,2L,2R,3L,3R",76,76,111.1,35.8,DPGP2
EZ63-1-3,EZ63-1-3_1,homozygous_chromosome_line,SRX058179,"X,3L,3R",76,76,70.0,22.7,DPGP2
EZ9N,EZ9N_4-HE,haploid_embryo,SRX058180,"X,2L,2R,3L,3R",76,76,111.0,30.7,DPGP2
FR14,FR14_1-HE,haploid_embryo,SRX058182,"X,2L,2R,3L,3R",76,76,111.6,35.3,DPGP2
FR151,FR151_1-HE,haploid_embryo,SRX058183,"X,2L,2R,3L,3R",76,76,111.5,35.5,DPGP2
FR180,FR180_2-HE,haploid_embryo,SRX058184,"X,2L,2R,3L,3R",146,146,112.1,42.3,DPGP2
FR207,FR207_2-HE,haploid_embryo,SRX058185,"X,2L,2R,3L,3R",146,146,112.2,38.9,DPGP2
FR217,FR217_1-HE,haploid_embryo,SRX058186,"X,2L,2R,3L,3R",76,76,111.5,39.2,DPGP2
FR229,FR229_2-HE,haploid_embryo,SRX058187,"X,2L,2R,3L,3R",146,146,112.2,40.6,DPGP2
FR310,FR310_1-HE,haploid_embryo,SRX058188,"X,2L,2R,3L,3R",76,76,111.7,34.7,DPGP2
FR361,FR361_1-HE,haploid_embryo,SRX058189,"X,2L,2R,3L,3R",76,76,111.4,38.7,DPGP2
FR70,FR70_2-HE,haploid_embryo,SRX058190,"X,2L,2R,3L,3R",146,146,112.2,37.6,DPGP2
GA125,GA125_1-HE,haploid_embryo,SRX058192,"X,2L,2R,3L,3R",76,76,111.1,42.8,DPGP2
GA129,GA129_1-HE,haploid_embryo,SRX058193,"X,2L,2R,3L,3R",76,76,111.1,47.9,DPGP2
GA130,GA130_1-HE,haploid_embryo,SRX058194,"X,2L,2R,3L,3R",76,76,111.8,47.6,DPGP2
GA132,GA132_1-HE,haploid_embryo,SRX058195,"X,2L,2R,3L,3R",76,76,111.0,45.2,DPGP2
GA141,GA141_1-HE,haploid_embryo,SRX058196,"X,2L,2R,3L,3R",76,76,111.1,45.1,DPGP2
GA145,GA145_1-HE,haploid_embryo,SRX058197,"X,2L,2R,3L,3R",76,76,111.5,45.1,DPGP2
GA160,GA160_1-HE,haploid_embryo,SRX058198,"X,2L,2R,3L,3R",76,76,110.8,32.5,DPGP2
GA185,GA185_1-HE,haploid_embryo,SRX058199,"X,2L,2R,3L,3R",76,76,111.0,49.5,DPGP2
GA187,GA187_1-HE,haploid_embryo,SRX040483,"X,3L,3R",76,76,70.0,47.9,DPGP2
GA191,GA191_1-HE,haploid_embryo,SRX058200,"X,2L,2R,3L,3R",76,76,110.9,36.2,DPGP2
GU10,GU10_1-HE,haploid_embryo,SRX058205,"X,2L,2R,3L,3R",76,76,110.9,38.9,DPGP2
GU11-3,GU11-3_1,homozygous_chromosome_line,SRX058206,"3L,3R",76,76,49.2,22.6,DPGP2
GU2,GU2_1-HE,haploid_embryo,SRX058207,"X,2L,2R,3L,3R",76,76,110.9,38.4,DPGP2
GU3-3,GU3-3_1,homozygous_chromosome_line,SRX058208,"3L,3R",76,76,49.4,24.2,DPGP2
GU6,GU6_1-HE,haploid_embryo,SRX058209,"X,2L,2R,3L,3R",76,76,110.9,38.1,DPGP2
GU7,GU7_1-HE,haploid_embryo,SRX058210,"X,2L,2R,3L,3R",76,76,110.9,38.0,DPGP2
GU9,GU9_1-HE,haploid_embryo,SRX058211,"X,2L,2R,3L,3R",76,76,111.0,36.3,DPGP2
KN133N,KN133N_1-HE,haploid_embryo,SRX058256,"X,2L,2R,3L,3R",76,76,111.1,35.0,DPGP2
KN20N,KN20N_1-HE,haploid_embryo,SRX058253,"X,2L,2R,3L,3R",76,76,111.0,37.6,DPGP2
KN34,KN34_1-HE,haploid_embryo,SRX058257,"X,2L,2R,3L,3R",76,76,111.1,29.9,DPGP2
KN35,KN35_1-HE,haploid_embryo,SRX058258,"X,2L,2R,3L,3R",76,76,111.1,34.3,DPGP2
KN6,KN6_1-HE,haploid_embryo,SRX058260,"X,2L,2R,3L,3R",76,76,111.1,39.4,DPGP2
KN73-1-3,KN73-1-3_1,homozygous_chromosome_line,SRX058262,"X,3L,3R",76,76,70.1,26.1,DPGP2
KO10-1-3,"KO10-1-3_1,KO10-1-3_2",homozygous_chromosome_line,"SRX058263,SRX058264","X,3L,3R",76,76,68.7,13.8,DPGP2
KO2-1-3,KO2-1-3_1,homozygous_chromosome_line,SRX058265,"X,3L,3R",76,76,70.2,20.7,DPGP2
KO6-1-3,KO6-1-3_1,homozygous_chromosome_line,SRX058266,"X,3L,3R",76,76,69.8,24.2,DPGP2
KR39,KR39_1-HE,haploid_embryo,SRX058267,"X,2L,2R,3L,3R",76,76,111.1,34.7,DPGP2
KR42,KR42_1-HE,haploid_embryo,SRX058268,"X,2L,2R,3L,3R",76,76,110.8,32.9,DPGP2
KR4N,KR4N_1-HE,haploid_embryo,SRX058269,"X,2L,2R,3L,3R",76,76,111.0,29.6,DPGP2
KR54-1-3,KR54-1-3_1,homozygous_chromosome_line,SRX058270,"X,3L,3R",76,76,70.0,26.7,DPGP2
KR68-1-3,KR68-1-3_1,homozygous_chromosome_line,SRX058271,"X,3L,3R",76,76,69.9,23.5,DPGP2
KR7,KR7_1-HE,haploid_embryo,SRX058272,"X,2L,2R,3L,3R",76,76,110.9,29.2,DPGP2
KT1,KT1_1-HE,haploid_embryo,SRX058273,"X,2L,2R,3L,3R",76,76,111.2,37.6,DPGP2
KT6,KT6_1-HE,haploid_embryo,SRX058274,"X,2L,2R,3L,3R",76,76,111.1,29.6,DPGP2
MW11-1,MW11-1,homozygous_chromosome_line,SRX022256,X,36,X,19.6,6.5,DPGP2
MW27-3,MW27-3,homozygous_chromosome_line,SRX019049,"3L,3R",36,X,47.0,6.0,DPGP2
MW28-1,MW28-1,homozygous_chromosome_line,SRX019104,X,36,X,20.1,9.1,DPGP2
MW28-2-3,MW28-2-3,homozygous_chromosome_line,SRX000484,"2L,2R,3L,3R",36,X,88.2,8.4,DPGP2
MW38-1,MW38-1,homozygous_chromosome_line,SRX019107,X,36,X,20.1,8.9,DPGP2
MW38-2,MW38-2,homozygous_chromosome_line,SRX019109,"2L,2R",36,X,39.4,6.1,DPGP2
MW46-1,MW46-1,homozygous_chromosome_line,SRX019110,X,36,X,20.2,8.7,DPGP2
MW56-2-3,MW56-2-3,homozygous_chromosome_line,SRX000440,"2L,2R,3L,3R",36,X,89.1,11.5,DPGP2
MW6-1,MW6-1,homozygous_chromosome_line,SRX022257,X,36,X,19.6,9.2,DPGP2
MW6-2,MW6-2,homozygous_chromosome_line,SRX022258,"2L,2R",36,X,40.1,7.9,DPGP2
MW6-3,MW6-3,homozygous_chromosome_line,SRX022259,"3L,3R",36,X,44.2,4.3,DPGP2
MW63-1,MW63-1,homozygous_chromosome_line,SRX019022,X,36,X,20.1,7.9,DPGP2
MW63-2-3,MW63-2-3,homozygous_chromosome_line,SRX000439,"2L,2R,3L,3R",36,X,89.0,11.4,DPGP2
MW9-1,MW9-1,homozygous_chromosome_line,SRX022262,X,36,X,18.6,4.8,DPGP2
MW9-2,MW9-2,homozygous_chromosome_line,SRX022263,"2L,2R",36,X,40.1,8.4,DPGP2
NG10N,NG10N_1-HE,haploid_embryo,SRX058275,"X,2L,2R,3L,3R",76,76,111.0,38.9,DPGP2
NG1N,NG1N_1-HE,haploid_embryo,SRX058276,"X,2L,2R,3L,3R",76,76,111.0,35.9,DPGP2
NG3N,NG3N_1-HE,haploid_embryo,SRX058378,"X,2L,2R,3L,3R",76,76,111.0,36.4,DPGP2
NG6N,NG6N_1-HE,haploid_embryo,SRX058278,"X,2L,2R,3L,3R",76,76,111.5,38.4,DPGP2
NG7,NG7_1-HE,haploid_embryo,SRX058279,"X,2L,2R,3L,3R",76,76,110.9,30.9,DPGP2
NG9,NG9_1-HE,haploid_embryo,SRX058280,"X,2L,2R,3L,3R",76,76,111.1,36.0,DPGP2
RC1,RC1_1-HE,haploid_embryo,SRX058281,"X,2L,2R,3L,3R",76,76,110.7,30.3,DPGP2
RC5,RC5_1-HE,haploid_embryo,SRX058282,"X,2L,2R,3L,3R",76,76,110.7,24.9,DPGP2
RG10,RG10_1-HE,haploid_embryo,SRX058338,"X,2L,2R,3L,3R",76,76,111.1,37.8,DPGP2
RG11N,RG11N_1-HE,haploid_embryo,SRX058339,"X,2L,2R,3L,3R",76,76,111.0,38.0,DPGP2
RG13N,RG13N_1-HE,haploid_embryo,SRX058340,"X,2L,2R,3L,3R",146,146,111.1,37.3,DPGP2
RG15,"RG15_1-HE,RG15_2-HE",haploid_embryo,"SRX058341,SRX058342","X,2L,2R,3L,3R",76,76,111.4,43.0,DPGP2
RG18N,RG18N_1-HE,haploid_embryo,SRX058343,"X,2L,2R,3L,3R",100,76,111.0,49.5,DPGP2
RG19,RG19_1-HE,haploid_embryo,SRX058344,"X,2L,2R,3L,3R",76,76,110.8,29.2,DPGP2
RG2,RG2_2-HE,haploid_embryo,SRX058345,"X,2L,2R,3L,3R",76,76,111.0,37.3,DPGP2
RG21N,RG21N_1-HE,haploid_embryo,SRX058346,"X,2L,2R,3L,3R",76,76,111.2,43.1,DPGP2
RG22,RG22_1-HE,haploid_embryo,SRX058347,"X,2L,2R,3L,3R",76,76,110.9,38.0,DPGP2
RG24,RG24-HE,haploid_embryo,SRX058348,"X,2L,2R,3L,3R",76,76,110.9,36.6,DPGP2
RG25,RG25_1-HE,haploid_embryo,SRX058349,"X,2L,2R,3L,3R",76,76,110.9,38.1,DPGP2
RG28,RG28_1-HE,haploid_embryo,SRX058350,"X,2L,2R,3L,3R",76,76,110.8,36.5,DPGP2
RG3,RG3_1-HE,haploid_embryo,SRX058351,"X,2L,2R,3L,3R",76,76,111.0,37.8,DPGP2
RG32N,RG32N_1-HE,haploid_embryo,SRX058352,"X,2L,2R,3L,3R",76,76,111.0,41.4,DPGP2
RG33,RG33_1-HE,haploid_embryo,SRX058353,"X,2L,2R,3L,3R",146,146,111.7,69.8,DPGP2
RG34,RG34_1-HE,haploid_embryo,SRX058354,"X,2L,2R,3L,3R",76,76,111.0,29.9,DPGP2
RG35,"RG35_1-HE,RG35_2-HE",haploid_embryo,"SRX058355,SRX058356","X,2L,2R,3L,3R",76,76,111.3,31.6,DPGP2
RG36,RG36_1-HE,haploid_embryo,SRX058357,"X,2L,2R,3L,3R",76,76,111.0,29.8,DPGP2
RG37N,RG37N_1-HE,haploid_embryo,SRX058358,"X,2L,2R,3L,3R",146,146,110.9,34.4,DPGP2
RG38N,RG38N_1-HE,haploid_embryo,SRX058359,"X,2L,2R,3L,3R",76,76,110.9,42.3,DPGP2
RG39,RG39_1-HE,haploid_embryo,SRX058360,"X,2L,2R,3L,3R",146,146,111.0,37.6,DPGP2
RG4N,RG4N_1-HE,haploid_embryo,SRX058362,"X,2L,2R,3L,3R",146,146,111.4,54.2,DPGP2
RG5,RG5_1-HE,haploid_embryo,SRX058367,"X,2L,2R,3L,3R",76,76,110.9,27.1,DPGP2
RG6N,RG6N_1-HE,haploid_embryo,SRX058368,"X,2L,2R,3L,3R",146,146,111.2,47.7,DPGP2
RG7,RG7_1-HE,haploid_embryo,SRX058369,"X,2L,2R,3L,3R",76,76,110.8,36.3,DPGP2
RG8,RG8_1-HE,haploid_embryo,SRX058370,"X,2L,2R,3L,3R",146,146,111.4,48.8,DPGP2
RG9,RG9_1-HE,haploid_embryo,SRX058371,"X,2L,2R,3L,3R",76,76,110.8,37.4,DPGP2
SP173,SP173_1-HE,haploid_embryo,SRX058286,"X,2L,2R,3L,3R",146,146,110.9,37.6,DPGP2
SP188,SP188_1-HE,haploid_embryo,SRX058287,"X,2L,2R,3L,3R",146,146,111.3,38.6,DPGP2
SP221,SP221_1-HE,haploid_embryo,SRX058288,"X,2L,2R,3L,3R",146,146,111.2,40.7,DPGP2
SP235,SP235_1-HE,haploid_embryo,SRX058289,"X,2L,2R,3L,3R",146,146,111.0,36.1,DPGP2
SP241,SP241_1-HE,haploid_embryo,SRX058290,"X,2L,2R,3L,3R",146,146,111.1,39.0,DPGP2
SP254,SP254_1-HE,haploid_embryo,SRX058291,"X,2L,2R,3L,3R",100,76,111.2,50.9,DPGP2
SP80,SP80_1-HE,haploid_embryo,SRX058292,"X,2L,2R,3L,3R",146,146,111.1,41.6,DPGP2
TZ10,TZ10_1-HE,haploid_embryo,SRX058283,"X,2L,2R,3L,3R",76,76,110.7,26.9,DPGP2
TZ14,TZ14_1-HE,haploid_embryo,SRX058284,"X,2L,2R,3L,3R",76,76,111.0,35.3,DPGP2
TZ8,TZ8_1-HE,haploid_embryo,SRX058285,"X,2L,2R,3L,3R",76,76,110.9,35.9,DPGP2
UG17-3,UG17-3_1,homozygous_chromosome_line,SRX040755,"3L,3R",76,76,49.3,15.7,DPGP2
UG19,UG19_1-HE,haploid_embryo,SRX058376,"X,2L,2R,3L,3R",76,76,111.0,37.2,DPGP2
UG28N,UG28N_1-HE,haploid_embryo,SRX058277,"X,2L,2R,3L,3R",76,76,110.9,38.8,DPGP2
UG40-3,UG40-3_1,homozygous_chromosome_line,SRX040756,"3L,3R",76,76,49.0,10.0,DPGP2
UG5N,UG5N_1-HE,haploid_embryo,SRX058379,"X,2L,2R,3L,3R",76,76,111.1,34.2,DPGP2
UG7,UG7_1-HE,haploid_embryo,SRX058380,"X,2L,2R,3L,3R",76,76,111.0,38.5,DPGP2
UM118,UM118_1-HE,haploid_embryo,SRX058381,"X,2L,2R,3L,3R",100,76,111.3,49.0,DPGP2
UM37,UM37_1-HE,haploid_embryo,SRX058382,"X,2L,2R,3L,3R",100,76,111.1,51.1,DPGP2
UM526,UM526_1-HE,haploid_embryo,SRX058383,"X,2L,2R,3L,3R",100,76,111.4,52.5,DPGP2
ZK131,ZK131_1,inbred_line,SRX058384,"X,3L,3R",76,76,69.9,23.0,DPGP2
ZK186,ZK186_1,inbred_line,SRX058385,"X,3L,3R",76,76,47.2,22.6,DPGP2
ZK84,ZK84_1,inbred_line,SRX058386,X,76,76,20.5,22.4,DPGP2
ZL130,ZL130_1-HE,haploid_embryo,SRX058391,"X,2L,2R,3L,3R",100,76,111.6,51.9,DPGP2
ZO12,ZO12_1-HE,haploid_embryo,SRX058293,"X,2L,2R,3L,3R",100,76,111.4,46.7,DPGP2
ZO65,ZO65_1-HE,haploid_embryo,SRX058294,"X,2L,2R,3L,3R",76,76,111.0,40.5,DPGP2
ZS11,ZS11_1-HE,haploid_embryo,SRX058372,"X,2L,2R,3L,3R",76,76,110.7,37.7,DPGP2
ZS37,ZS37_1-HE,haploid_embryo,SRX058373,"X,2L,2R,3L,3R",76,76,110.9,41.2,DPGP2
ZS5,ZS5_1-HE,haploid_embryo,SRX058374,"X,2L,2R,3L,3R",76,76,110.5,38.2,DPGP2
ZS56,ZS56_1-HE,haploid_embryo,SRX058375,"X,2L,2R,3L,3R",76,76,110.7,36.0,DPGP2
EA119,EA119_1-HE,haploid_embryo,SRX791698,"X,2L,2R,3L,3R",100,100,110.8,23.9,AGES
EA3,EA3_1-HE,haploid_embryo,SRX791706,"X,2L,2R,3L,3R",100,100,110.0,14.9,AGES
EA49,EA49_1-HE,haploid_embryo,SRX791713,"X,2L,2R,3L,3R",100,100,110.4,18.2,AGES
EA71,EA71_1-HE,haploid_embryo,SRX791849,"X,2L,2R,3L,3R",100,100,110.2,17.6,AGES
EA87,EA87_1-HE,haploid_embryo,SRX791850,"X,2L,2R,3L,3R",100,100,111.3,38.9,AGES
EB132,EB132_1-HE,haploid_embryo,SRX791857,"X,2L,2R,3L,3R",100,100,110.0,15.2,AGES
EB148,EB148_1-HE,haploid_embryo,SRX791858,"X,2L,2R,3L,3R",100,100,110.8,27.4,AGES
EB18,EB18_1-HE,haploid_embryo,SRX792309,"X,2L,2R,3L,3R",100,100,110.2,22.7,AGES
EB237,EB237_1-HE,haploid_embryo,SRX792316,"X,2L,2R,3L,3R",100,100,108.0,18.9,AGES
EB25,EB25_1-HE,haploid_embryo,SRX792329,"X,2L,2R,3L,3R",100,100,103.1,19.4,AGES
EF120,EF120_1-HE,haploid_embryo,SRX792353,"X,2L,2R,3L,3R",100,100,110.2,14.8,AGES
EF2,EF2_1-HE,haploid_embryo,SRX792383,"X,2L,2R,3L,3R",100,100,102.6,16.9,AGES
EF39,EF39_1-HE,haploid_embryo,SRX792510,"X,2L,2R,3L,3R",100,100,110.9,24.9,AGES
EF65,EF65_1-HE,haploid_embryo,SRX792606,"X,2L,2R,3L,3R",100,100,107.5,17.1,AGES
EF78,EF78_1-HE,haploid_embryo,SRX792639,"X,2L,2R,3L,3R",100,100,110.9,23.8,AGES
EG40N,EG40N,inbred_line,SRX792675,"X,2R",100,100,25.7,14.3,AGES
EG69N,EG69N,inbred_line,SRX793022,"X,2L,2R,3R",100,100,73.3,13.6,AGES
EG73N,EG73N,inbred_line,SRX793046,"X,2L,2R,3L,3R",100,100,105.6,13.8,AGES
EM239,EM239_1-HE,haploid_embryo,SRX796504,"X,2L,2R,3L,3R",100,100,110.9,36.2,AGES
EM40,EM40_1-HE,haploid_embryo,SRX796506,"X,2L,2R,3L,3R",100,100,110.3,40.2,AGES
EM6,EM6_1-HE,haploid_embryo,SRX798227,"X,2L,2R,3L,3R",100,100,111.3,43.1,AGES
ER11,ER11_1-HE,haploid_embryo,SRX799440,"X,2L,2R,3L,3R",100,100,111.0,37.3,AGES
ER156,ER156_1-HE,haploid_embryo,SRX799441,"X,2L,2R,3L,3R",100,100,111.2,49.9,AGES
ER32,ER32_1-HE,haploid_embryo,SRX799442,"X,2L,2R,3L,3R",100,100,111.3,48.9,AGES
ER63,ER63_1-HE,haploid_embryo,SRX799443,"X,2L,2R,3L,3R",100,100,111.3,45.9,AGES
ER85,ER85_1-HE,haploid_embryo,SRX799444,"X,2L,2R,3L,3R",100,100,110.9,36.0,AGES
KM106,KM106,isofemale_line,SRX799445,"X,2L,2R",100,100,52.3,15.1,AGES
KM36,KM36,isofemale_line,SRX799446,"X,2L,2R",100,100,29.5,12.7,AGES
KM73,KM73,isofemale_line,SRX799447,"X,2L,2R,3L",100,100,34.7,12.7,AGES
KM92,KM92,isofemale_line,SRX799448,"X,2L",100,100,34.9,16.4,AGES
SB10,SB10_1-HE,haploid_embryo,SRX799453,"X,2L,2R,3L,3R",100,100,111.2,34.2,AGES
SB16,SB16_1-HE,haploid_embryo,SRX799458,"X,2L,2R,3L,3R",100,100,111.4,32.4,AGES
SB26,SB26_1-HE,haploid_embryo,SRX799463,"X,2L,2R,3L,3R",100,100,110.4,24.2,AGES
SB31,SB31_1-HE,haploid_embryo,SRX799471,"X,2L,2R,3L,3R",100,100,110.1,30.2,AGES
SB51,SB51_1-HE,haploid_embryo,SRX799476,"X,2L,2R,3L,3R",100,100,111.0,30.5,AGES
SD145,SD145_1-HE,haploid_embryo,SRX799486,"X,2L,2R,3L,3R",100,100,103.6,11.9,AGES
SD45,SD45_1-HE,haploid_embryo,SRX799548,"X,2L,2R,3L,3R",100,100,108.8,19.9,AGES
SD67,SD67_1-HE,haploid_embryo,SRX799553,"X,2L,2R,3L,3R",100,100,107.7,17.8,AGES
SD82,SD82_1-HE,haploid_embryo,SRX799570,"X,3L,3R",100,100,68.7,17.5,AGES
SD98,SD98_1-HE,haploid_embryo,SRX799626,"X,2L,2R,3L,3R",100,100,109.5,15.7,AGES
SE16,SE16_1-HE,haploid_embryo,SRX799657,"X,2L,2R,3L,3R",100,100,110.2,24.1,AGES
SE55,SE55_1-HE,haploid_embryo,SRX799658,"X,2L,2R,3L,3R",100,100,108.6,17.4,AGES
SE63,SE63_1-HE,haploid_embryo,SRX799659,"X,2L,2R,3L,3R",100,100,109.7,11.9,AGES
SF110,SF110_1-HE,haploid_embryo,SRX799660,"X,2L,2R,3L,3R",100,100,109.3,12.3,AGES
SF332,SF332_1-HE,haploid_embryo,SRX799661,"X,2L,2R,3L,3R",100,100,110.6,19.9,AGES
SF428,SF428_1-HE,haploid_embryo,SRX799663,"X,2L,2R,3L,3R",100,100,110.5,16.5,AGES
SF447,SF447_1-HE,haploid_embryo,SRX799664,"X,2L,2R,3L,3R",100,100,110.7,20.7,AGES
SF7,SF7_1-HE,haploid_embryo,SRX799665,"X,3L,3R",100,100,65.4,12.2,AGES
UK10,UK10_1-HE,haploid_embryo,SRX799666,"X,2L,2R,3L,3R",100,100,109.6,18.2,AGES
UK120,UK120_1-HE,haploid_embryo,SRX799667,"X,2L,2R,3L,3R",100,100,108.5,23.2,AGES
UK2,UK2_1-HE,haploid_embryo,SRX799668,"X,2L,2R,3L,3R",100,100,111.0,25.2,AGES
UK57,UK57_1-HE,haploid_embryo,SRX799669,"X,2L,2R,3L,3R",100,100,110.9,29.9,AGES
UK73,UK73_1-HE,haploid_embryo,SRX799670,"X,2L,2R,3L,3R",100,100,110.4,15.8,AGES
ZI10,ZI10-HE,haploid_embryo,SRR203502,"X,2L,2R,3L,3R",146,146,111.2,36.7,DPGP3
ZI103,ZI103-HE,haploid_embryo,SRR203226,"X,2L,2R,3L,3R",146,146,110.9,35.7,DPGP3
ZI104,ZI104-HE,haploid_embryo,SRR654551,"X,2L,2R,3L,3R",160,156,111.5,46.4,DPGP3
ZI114N,ZI114N-HE,haploid_embryo,SRR654662,"X,2L,2R,3L,3R",160,156,111.6,54.9,DPGP3
ZI117,ZI117-HE,haploid_embryo,SRR248130,"X,2L,2R,3L,3R",146,146,110.7,33.7,DPGP3
ZI118N,ZI118N-HE,haploid_embryo,SRR654664,"X,2L,2R,3L,3R",160,156,111.3,36.8,DPGP3
ZI126,ZI126-HE,haploid_embryo,SRR203336,"X,2L,2R,3L,3R",146,146,111.3,49.2,DPGP3
ZI129,ZI129-HE,haploid_embryo,SRR203232,"X,2L,2R,3L,3R",146,146,110.6,36.5,DPGP3
ZI134N,ZI134N-HE,haploid_embryo,SRR326933,"X,2L,2R,3L,3R",150,150,111.1,43.0,DPGP3
ZI136,ZI136-HE,haploid_embryo,SRR204007,"X,2L,2R,3L,3R",146,146,111.1,43.0,DPGP3
ZI138,ZI138-HE,haploid_embryo,SRR203474,"X,2L,2R,3L,3R",146,146,111.1,46.5,DPGP3
ZI152,ZI152-HE,haploid_embryo,SRR326790,"X,2L,2R,3L,3R",150,150,110.9,43.4,DPGP3
ZI157,ZI157-HE,haploid_embryo,SRR202089,"X,2L,2R,3L,3R",146,146,111.1,39.4,DPGP3
ZI161,ZI161-HE,haploid_embryo,SRR353759,"X,2L,2R,3L,3R",160,156,111.4,44.6,DPGP3
ZI164,ZI164-HE,haploid_embryo,SRR346921,"X,2L,2R,3L,3R",160,156,111.4,43.6,DPGP3
ZI165,ZI165-HE,haploid_embryo,SRR248129,"X,2L,2R,3L,3R",146,146,111.0,40.4,DPGP3
ZI167,ZI167-HE,haploid_embryo,SRR654553,"X,2L,2R,3L,3R",160,156,111.4,49.0,DPGP3
ZI170,ZI170-HE,haploid_embryo,SRR210787,"X,2L,2R,3L,3R",146,146,111.0,32.6,DPGP3
ZI172,ZI172-HE,haploid_embryo,SRR326800,"X,2L,2R,3L,3R",150,150,111.1,42.8,DPGP3
ZI173,ZI173-HE,haploid_embryo,SRR203330,"X,2L,2R,3L,3R",146,146,111.1,43.5,DPGP3
ZI176,ZI176-HE,haploid_embryo,SRR210794,"X,2L,2R,3L,3R",146,146,111.1,46.2,DPGP3
ZI177,ZI177-HE,haploid_embryo,SRR326796,"X,2L,2R,3L,3R",150,150,111.2,45.0,DPGP3
ZI178,ZI178-HE,haploid_embryo,SRR203496,"X,2L,2R,3L,3R",146,146,111.4,38.4,DPGP3
ZI179,ZI179-HE,haploid_embryo,SRR203233,"X,2L,2R,3L,3R",146,146,110.6,34.3,DPGP3
ZI181,ZI181-HE,haploid_embryo,SRR203069,"X,2L,2R,3L,3R",146,146,111.0,38.5,DPGP3
ZI182,ZI182-HE,haploid_embryo,SRR203473,"X,2L,2R,3L,3R",146,146,111.2,45.2,DPGP3
ZI184,ZI184-HE,haploid_embryo,SRR203068,"X,2L,2R,3L,3R",146,146,111.0,40.4,DPGP3
ZI185,ZI185-HE,haploid_embryo,SRR654669,"X,2L,2R,3L,3R",160,156,111.4,51.9,DPGP3
ZI188,ZI188-HE,haploid_embryo,SRR202123,"X,2L,2R,3L,3R",146,146,111.4,44.9,DPGP3
ZI190,ZI190-HE,haploid_embryo,SRR204018,"X,2L,2R,3L,3R",146,146,111.1,41.8,DPGP3
ZI191,ZI191-HE,haploid_embryo,SRR202128,"X,2L,2R,3L,3R",146,146,110.8,49.2,DPGP3
ZI193,ZI193-HE,haploid_embryo,SRR202124,"X,2L,2R,3L,3R",146,146,111.2,39.3,DPGP3
ZI194,ZI194-HE,haploid_embryo,SRR203319,"X,2L,2R,3L,3R",146,146,111.2,44.9,DPGP3
ZI196,ZI196-HE,haploid_embryo,SRR203467,"X,2L,2R,3L,3R",146,146,111.2,47.7,DPGP3
ZI197N,ZI197N-HE,haploid_embryo,SRR342395,"X,2L,2R,3L,3R",160,156,111.4,39.2,DPGP3
ZI198,ZI198-HE,haploid_embryo,SRR203230,"X,2L,2R,3L,3R",146,146,110.7,33.6,DPGP3
ZI199,ZI199-HE,haploid_embryo,SRR203468,"X,2L,2R,3L,3R",146,146,111.2,46.1,DPGP3
ZI200,ZI200-HE,haploid_embryo,SRR203234,"X,2L,2R,3L,3R",146,146,110.3,30.7,DPGP3
ZI202,ZI202-HE,haploid_embryo,SRR203238,"X,2L,2R,3L,3R",146,146,110.7,37.5,DPGP3
ZI206,ZI206-HE,haploid_embryo,SRR203506,"X,2L,2R,3L,3R",146,146,111.0,43.3,DPGP3
ZI207,ZI207-HE,haploid_embryo,SRR202075,"X,2L,2R,3L,3R",146,146,110.9,40.0,DPGP3
ZI210,ZI210-HE,haploid_embryo,SRR203229,"X,2L,2R,3L,3R",146,146,110.9,37.1,DPGP3
ZI211,ZI211-HE,haploid_embryo,SRR203470,"X,2L,2R,3L,3R",146,146,111.3,42.9,DPGP3
ZI212,ZI212-HE,haploid_embryo,SRR204012,"X,2L,2R,3L,3R",146,146,111.1,44.0,DPGP3
ZI213,ZI213-HE,haploid_embryo,SRR203329,"X,2L,2R,3L,3R",146,146,111.2,44.2,DPGP3
ZI214,ZI214-HE,haploid_embryo,SRR203331,"X,2L,2R,3L,3R",146,146,111.1,41.6,DPGP3
ZI216N,ZI216N-HE,haploid_embryo,SRR203328,"X,2L,2R,3L,3R",146,146,111.2,44.2,DPGP3
ZI218,ZI218-HE,haploid_embryo,SRR203235,"X,2L,2R,3L,3R",146,146,110.4,32.1,DPGP3
ZI219,ZI219-HE,haploid_embryo,SRR203503,"X,2L,2R,3L,3R",146,146,111.3,39.8,DPGP3
ZI220,ZI220-HE,haploid_embryo,SRR203067,"X,2L,2R,3L,3R",146,146,111.2,51.3,DPGP3
ZI221,ZI221-HE,haploid_embryo,SRR202074,"X,2L,2R,3L,3R",146,146,111.1,38.0,DPGP3
ZI225,ZI225-HE,haploid_embryo,"SRR202084,SRR654680","X,2L,2R,3L,3R","146,160","146,156",111.2,48.3,DPGP3
ZI226,ZI226-HE,haploid_embryo,SRR203348,"X,2L,2R,3L,3R",146,146,111.1,43.6,DPGP3
ZI227,ZI227-HE,haploid_embryo,SRR202126,"X,2L,2R,3L,3R",146,146,111.3,54.7,DPGP3
ZI228,ZI228-HE,haploid_embryo,SRR203064,"X,2L,2R,3L,3R",146,146,110.9,37.8,DPGP3
ZI230,ZI230-HE,haploid_embryo,"SRR248127,SRR654681","X,2L,2R,3L,3R","146,160","146,156",111.4,53.2,DPGP3
ZI231,ZI231-HE,haploid_embryo,SRR202093,"X,2L,2R,3L,3R",146,146,111.1,35.2,DPGP3
ZI232,ZI232-HE,haploid_embryo,SRR202076,"X,2L,2R,3L,3R",146,146,111.2,49.3,DPGP3
ZI233,ZI233-HE,haploid_embryo,SRR203347,"X,2L,2R,3L,3R",146,146,111.2,48.3,DPGP3
ZI235,ZI235-HE,haploid_embryo,SRR210792,"X,2L,2R,3L,3R",146,146,111.2,37.5,DPGP3
ZI237,ZI237-HE,haploid_embryo,SRR203332,"X,2L,2R,3L,3R",146,146,111.1,42.8,DPGP3
ZI239,ZI239-HE,haploid_embryo,SRR309279,"X,2L,2R,3L,3R",160,156,111.1,46.8,DPGP3
ZI240,ZI240-HE,haploid_embryo,SRR203324,"X,2L,2R,3L,3R",146,146,111.2,41.6,DPGP3
ZI241,ZI241-HE,haploid_embryo,SRR326798,"X,2L,2R,3L,3R",150,150,111.2,44.7,DPGP3
ZI250,ZI250-HE,haploid_embryo,SRR202127,"X,2L,2R,3L,3R",146,146,110.8,35.0,DPGP3
ZI251N,ZI251N-HE,haploid_embryo,SRR354001,"X,2L,2R,3L,3R",160,156,111.4,38.8,DPGP3
ZI252,ZI252-HE,haploid_embryo,SRR203349,"X,2L,2R,3L,3R",146,146,111.1,43.2,DPGP3
ZI253,ZI253-HE,haploid_embryo,SRR203350,"X,2L,2R,3L,3R",146,146,111.0,46.6,DPGP3
ZI254N,ZI254N-HE,haploid_embryo,SRR203335,"X,2L,2R,3L,3R",146,146,111.1,41.2,DPGP3
ZI255,ZI255-HE,haploid_embryo,SRR210784,"X,2L,2R,3L,3R",146,146,111.3,34.8,DPGP3
ZI26,ZI26-HE,haploid_embryo,SRR202077,"X,2L,2R,3L,3R",146,146,110.8,39.0,DPGP3
ZI261,ZI261_1-HE,haploid_embryo,SRR189424,"X,2L,2R,3L,3R",76,76,110.9,39.9,DPGP3
ZI263,ZI263-HE,haploid_embryo,SRR210783,"X,2L,2R,3L,3R",146,146,111.2,47.7,DPGP3
ZI264,ZI264-HE,haploid_embryo,SRR202095,"X,2L,2R,3L,3R",146,146,111.2,40.0,DPGP3
ZI265,ZI265-HE,haploid_embryo,SRR204017,"X,2L,2R,3L,3R",146,146,110.9,35.6,DPGP3
ZI267,ZI267-HE,haploid_embryo,SRR202081,"X,2L,2R,3L,3R",146,146,110.9,36.1,DPGP3
ZI268,ZI268_1-HE,haploid_embryo,SRR189425,"X,2L,2R,3L,3R",76,76,110.9,42.0,DPGP3
ZI269,ZI269-HE,haploid_embryo,SRR202094,"X,2L,2R,3L,3R",146,146,111.1,35.0,DPGP3
ZI27,ZI27-HE,haploid_embryo,SRR326801,"X,2L,2R,3L,3R",150,150,111.1,39.4,DPGP3
ZI271,ZI271-HE,haploid_embryo,"SRR309276,SRR654682","X,2L,2R,3L,3R","160,160","156,156",111.0,38.9,DPGP3
ZI273N,ZI273N-HE,haploid_embryo,SRR210786,"X,2L,2R,3L,3R",146,146,111.3,43.2,DPGP3
ZI276,ZI276-HE,haploid_embryo,SRR202079,"X,2L,2R,3L,3R",146,146,111.0,43.4,DPGP3
ZI279,ZI279-HE,haploid_embryo,SRR248125,"X,2L,2R,3L,3R",146,146,111.2,43.2,DPGP3
ZI28,ZI28-HE,haploid_embryo,SRR203497,"X,2L,2R,3L,3R",146,146,111.2,42.2,DPGP3
ZI281,ZI281-HE,haploid_embryo,SRR342393,"X,2L,2R,3L,3R",160,156,111.2,46.6,DPGP3
ZI284,ZI284-HE,haploid_embryo,SRR654554,"X,2L,2R,3L,3R",160,156,111.7,60.6,DPGP3
ZI286,ZI286-HE,haploid_embryo,SRR248122,"X,2L,2R,3L,3R",146,146,111.2,41.9,DPGP3
ZI291,ZI291-HE,haploid_embryo,SRR202083,"X,2L,2R,3L,3R",146,146,111.2,50.4,DPGP3
ZI292,ZI292-HE,haploid_embryo,SRR309281,"X,2L,2R,3L,3R",160,156,111.2,43.7,DPGP3
ZI293,ZI293-HE,haploid_embryo,SRR203237,"X,2L,2R,3L,3R",146,146,110.3,35.9,DPGP3
ZI295,ZI295-HE,haploid_embryo,SRR202099,"X,2L,2R,3L,3R",146,146,111.1,45.1,DPGP3
ZI296,ZI296-HE,haploid_embryo,SRR202125,"X,2L,2R,3L,3R",146,146,111.2,40.7,DPGP3
ZI303,ZI303-HE,haploid_embryo,SRR326794,"X,2L,2R,3L,3R",150,150,111.0,48.5,DPGP3
ZI311N,ZI311N-HE,haploid_embryo,SRR326797,"X,2L,2R,3L,3R",150,150,111.2,46.4,DPGP3
ZI313,ZI313-HE,haploid_embryo,SRR203327,"X,2L,2R,3L,3R",146,146,111.2,44.2,DPGP3
ZI314,ZI314-HE,haploid_embryo,SRR203510,"X,2L,2R,3L,3R",146,146,111.1,46.0,DPGP3
ZI316,ZI316-HE,haploid_embryo,SRR248059,"X,2L,2R,3L,3R",146,146,110.9,31.7,DPGP3
ZI317,ZI317-HE,haploid_embryo,SRR204011,"X,2L,2R,3L,3R",146,146,111.0,45.6,DPGP3
ZI319,ZI319_2-HE,haploid_embryo,SRR203461,"X,2L,2R,3L,3R","146,146","146,146",111.0,47.7,DPGP3
ZI31N,ZI31N-HE,haploid_embryo,SRR346924,"X,2L,2R,3L,3R",160,156,111.2,43.6,DPGP3
ZI320,ZI320-HE,haploid_embryo,SRR326793,"X,2L,2R,3L,3R",150,150,111.0,52.6,DPGP3
ZI321,ZI321-HE,haploid_embryo,SRR309277,"X,2L,2R,3L,3R",160,156,110.6,35.2,DPGP3
ZI324,ZI324-HE,haploid_embryo,SRR204014,"X,2L,2R,3L,3R",146,146,110.9,44.1,DPGP3
ZI329,ZI329-HE,haploid_embryo,SRR204006,"X,2L,2R,3L,3R",146,146,111.0,47.5,DPGP3
ZI33,ZI33_2-HE,haploid_embryo,SRR654674,"X,2L,2R,3L,3R","146,160","146,156",111.2,47.4,DPGP3
ZI332,ZI332-HE,haploid_embryo,SRR342392,"X,2L,2R,3L,3R",160,156,111.3,42.8,DPGP3
ZI333,ZI333-HE,haploid_embryo,SRR210788,"X,2L,2R,3L,3R",146,146,111.3,52.7,DPGP3
ZI335,ZI335-HE,haploid_embryo,SRR203471,"X,2L,2R,3L,3R",146,146,111.2,45.1,DPGP3
ZI336,ZI336-HE,haploid_embryo,SRR203507,"X,2L,2R,3L,3R",146,146,111.1,43.9,DPGP3
ZI339,ZI339-HE,haploid_embryo,SRR309278,"X,2L,2R,3L,3R",160,156,110.8,36.2,DPGP3
ZI341,ZI341-HE,haploid_embryo,SRR203645,"X,2L,2R,3L,3R",146,146,111.0,40.4,DPGP3
ZI342,ZI342-HE,haploid_embryo,SRR094875,"X,2L,2R,3L,3R",146,146,111.4,40.9,DPGP3
ZI344,ZI344-HE,haploid_embryo,SRR309275,"X,2L,2R,3L,3R",160,156,111.5,68.2,DPGP3
ZI348,ZI348-HE,haploid_embryo,SRR203475,"X,2L,2R,3L,3R",146,146,111.1,44.2,DPGP3
ZI351,ZI351-HE,haploid_embryo,"SRR346920,SRR654684","X,2L,2R,3L,3R","160,160","156,156",111.6,51.3,DPGP3
ZI352,ZI352-HE,haploid_embryo,SRR654676,"X,2L,2R,3L,3R",160,156,111.3,52.6,DPGP3
ZI353,ZI353-HE,haploid_embryo,SRR342394,"X,2L,2R,3L,3R",160,156,111.5,52.6,DPGP3
ZI357N,ZI357N-HE,haploid_embryo,SRR354000,"X,2L,2R,3L,3R",160,156,111.4,34.4,DPGP3
ZI358,ZI358-HE,haploid_embryo,SRR346928,"X,2L,2R,3L,3R",160,156,111.2,39.3,DPGP3
ZI359,ZI359-HE,haploid_embryo,SRR202129,"X,2L,2R,3L,3R",146,146,110.3,43.9,DPGP3
ZI362,ZI362-HE,haploid_embryo,"SRR346932,SRR654685","X,2L,2R,3L,3R","160,160","156,156",111.5,47.1,DPGP3
ZI364,ZI364-HE,haploid_embryo,SRR204013,"X,2L,2R,3L,3R",146,146,111.0,42.3,DPGP3
ZI365,ZI365-HE,haploid_embryo,SRR203236,"X,2L,2R,3L,3R",146,146,110.6,32.6,DPGP3
ZI368,ZI368-HE,haploid_embryo,SRR203462,"X,2L,2R,3L,3R",146,146,111.0,46.3,DPGP3
ZI370,ZI370-HE,haploid_embryo,SRR248060,"X,2L,2R,3L,3R",146,146,111.1,40.3,DPGP3
ZI373,ZI373-HE,haploid_embryo,SRR210782,"X,2L,2R,3L,3R",146,146,111.1,37.5,DPGP3
ZI374,ZI374-HE,haploid_embryo,SRR204008,"X,2L,2R,3L,3R",146,146,111.1,47.7,DPGP3
ZI377,ZI377-HE,haploid_embryo,SRR203498,"X,2L,2R,3L,3R",146,146,111.3,43.5,DPGP3
ZI378,ZI378-HE,haploid_embryo,SRR203464,"X,2L,2R,3L,3R",146,146,110.9,46.6,DPGP3
ZI379,ZI379-HE,haploid_embryo,SRR204019,"X,2L,2R,3L,3R",146,146,110.9,40.3,DPGP3
ZI380,ZI380-HE,haploid_embryo,SRR210785,"X,2L,2R,3L,3R",146,146,111.1,34.1,DPGP3
ZI381,ZI381-HE,haploid_embryo,SRR204010,"X,2L,2R,3L,3R",146,146,111.1,54.3,DPGP3
ZI382,ZI382-HE,haploid_embryo,SRR346922,"X,2L,2R,3L,3R",160,156,111.3,39.0,DPGP3
ZI384,ZI384-HE,haploid_embryo,SRR354004,"X,2L,2R,3L,3R",160,156,111.2,34.7,DPGP3
ZI386,ZI386-HE,haploid_embryo,SRR203228,"X,2L,2R,3L,3R",146,146,110.8,41.5,DPGP3
ZI388,ZI388-HE,haploid_embryo,SRR309280,"2L,2R,3L,3R",160,156,90.5,44.6,DPGP3
ZI392,ZI392-HE,haploid_embryo,SRR354002,"X,2L,2R,3L,3R",160,156,111.3,38.2,DPGP3
ZI394N,ZI394N-HE,haploid_embryo,SRR202085,"X,2L,2R,3L,3R",146,146,110.7,36.3,DPGP3
ZI395,ZI395-HE,haploid_embryo,SRR326802,"X,2L,2R,3L,3R",150,150,111.1,44.3,DPGP3
ZI396,ZI396-HE,haploid_embryo,SRR353757,"X,2L,2R,3L,3R",160,156,111.5,43.8,DPGP3
ZI397N,ZI397N_2-HE,haploid_embryo,SRR654677,"X,2L,2R,3L,3R",160,156,111.2,39.6,DPGP3
ZI398,ZI398-HE,haploid_embryo,SRR346930,"X,2L,2R,3L,3R",160,156,111.2,34.2,DPGP3
ZI400,ZI400-HE,haploid_embryo,SRR203227,"X,2L,2R,3L,3R",146,146,110.4,35.8,DPGP3
ZI402,ZI402-HE,haploid_embryo,SRR353999,"X,2L,2R,3L,3R",160,156,111.3,40.4,DPGP3
ZI405,ZI405-HE,haploid_embryo,SRR354003,"X,2L,2R,3L,3R",160,156,111.4,41.0,DPGP3
ZI413,ZI413-HE,haploid_embryo,SRR203509,"X,2L,2R,3L,3R",146,146,110.9,40.4,DPGP3
ZI418N,ZI418N-HE,haploid_embryo,SRR202100,"X,2L,2R,3L,3R",146,146,111.1,46.4,DPGP3
ZI420,ZI420-HE,haploid_embryo,SRR203499,"X,2L,2R,3L,3R",146,146,111.3,42.2,DPGP3
ZI421,ZI421-HE,haploid_embryo,SRR326791,"X,2L,2R,3L,3R",150,150,111.0,40.1,DPGP3
ZI429,ZI429-HE,haploid_embryo,SRR346919,"X,2L,2R,3L,3R",160,156,111.4,41.7,DPGP3
ZI431,ZI431-HE,haploid_embryo,SRR654556,"X,2L,2R,3L,3R",160,156,111.5,49.1,DPGP3
ZI433,ZI433-HE,haploid_embryo,SRR203504,"X,2L,2R,3L,3R",146,146,111.1,38.9,DPGP3
ZI437,ZI437-HE,haploid_embryo,SRR326799,"X,2L,2R,3L,3R",150,150,111.0,37.3,DPGP3
ZI443,ZI443-HE,haploid_embryo,SRR346923,"X,2L,2R,3L,3R",160,156,111.2,38.4,DPGP3
ZI444,ZI444-HE,haploid_embryo,SRR203463,"X,2L,2R,3L,3R",146,146,110.9,46.4,DPGP3
ZI445,ZI445-HE,haploid_embryo,SRR203476,"X,2L,2R,3L,3R",146,146,111.3,42.5,DPGP3
ZI446,ZI446-HE,haploid_embryo,SRR342397,"X,2L,2R,3L,3R",160,156,111.5,42.4,DPGP3
ZI447,ZI447-HE,haploid_embryo,SRR371534,"X,2L,2R,3L,3R",160,156,111.3,47.9,DPGP3
ZI448,ZI448-HE,haploid_embryo,SRR210790,"X,2L,2R,3L,3R",146,146,110.8,37.4,DPGP3
ZI453,ZI453-HE,haploid_embryo,"SRR309274,SRR654683","X,2L,2R,3L,3R","160,160","156,156",111.2,44.4,DPGP3
ZI455N,ZI455N-HE,haploid_embryo,SRR654678,"X,2L,2R,3L,3R",160,156,111.2,44.3,DPGP3
ZI456,ZI456-HE,haploid_embryo,SRR203466,"X,2L,2R,3L,3R",146,146,110.9,48.7,DPGP3
ZI457,ZI457-HE,haploid_embryo,SRR202078,"X,2L,2R,3L,3R",146,146,111.0,41.0,DPGP3
ZI458,ZI458-HE,haploid_embryo,SRR248131,"X,2L,2R,3L,3R",146,146,111.1,41.4,DPGP3
ZI460,ZI460_1-HE,haploid_embryo,SRR248108,"X,2L,2R,3L,3R","146,160","146,156",111.1,44.9,DPGP3
ZI466,ZI466-HE,haploid_embryo,SRR202080,"X,2L,2R,3L,3R",146,146,110.7,33.0,DPGP3
ZI467,ZI467-HE,haploid_embryo,SRR346925,"X,2L,2R,3L,3R",160,156,111.2,39.5,DPGP3
ZI468,ZI468_1-HE,haploid_embryo,SRR189426,"X,2L,2R,3L,3R",76,76,111.0,39.8,DPGP3
ZI471,ZI471-HE,haploid_embryo,SRR203500,"X,2L,2R,3L,3R",146,146,111.4,37.8,DPGP3
ZI472,ZI472-HE,haploid_embryo,SRR203465,"X,2L,2R,3L,3R",146,146,111.0,45.3,DPGP3
ZI476,ZI476-HE,haploid_embryo,SRR202082,"X,2L,2R,3L,3R",146,146,110.7,33.8,DPGP3
ZI477,ZI477-HE,haploid_embryo,SRR353760,"X,2L,2R,3L,3R",160,156,111.4,41.0,DPGP3
ZI486,ZI486-HE,haploid_embryo,SRR654647,"X,2L,2R,3L,3R",160,156,111.4,51.4,DPGP3
ZI488,ZI488-HE,haploid_embryo,SRR326792,"X,2L,2R,3L,3R",150,150,110.9,42.6,DPGP3
ZI490,ZI490-HE,haploid_embryo,SRR203505,"X,2L,2R,3L,3R",146,146,111.4,41.3,DPGP3
ZI491,ZI491-HE,haploid_embryo,SRR654648,"X,2L,2R,3L,3R",160,156,111.3,42.7,DPGP3
ZI504,ZI504-HE,haploid_embryo,SRR248124,"X,2L,2R,3L,3R",146,146,111.1,35.2,DPGP3
ZI505,ZI505-HE,haploid_embryo,SRR654649,"X,2L,2R,3L,3R",160,156,111.7,57.5,DPGP3
ZI508,ZI508-HE,haploid_embryo,SRR346929,"X,2L,2R,3L,3R",160,156,111.4,40.1,DPGP3
ZI50N,ZI50N-HE,haploid_embryo,SRR203334,"X,2L,2R,3L,3R",146,146,111.0,34.0,DPGP3
ZI514N,ZI514N-HE,haploid_embryo,SRR654679,"X,2L,2R,3L,3R",160,156,111.7,66.0,DPGP3
ZI517,ZI517-HE,haploid_embryo,SRR353758,"X,2L,2R,3L,3R",160,156,111.1,41.7,DPGP3
ZI523,ZI523-HE,haploid_embryo,SRR342396,"X,2L,2R,3L,3R",160,156,111.2,42.6,DPGP3
ZI524,ZI524-HE,haploid_embryo,SRR326795,"X,2L,2R,3L,3R",150,150,111.2,46.7,DPGP3
ZI527,ZI527-HE,haploid_embryo,SRR203469,"X,2L,2R,3L,3R",146,146,111.2,44.8,DPGP3
ZI530,ZI530-HE,haploid_embryo,SRR204009,"X,2L,2R,3L,3R",146,146,111.0,41.3,DPGP3
ZI56,ZI56-HE,haploid_embryo,SRR346931,"X,2L,2R,3L,3R",160,156,111.5,41.8,DPGP3
ZI59,ZI59-HE,haploid_embryo,SRR202112,"X,2L,2R,3L,3R",146,146,111.2,46.3,DPGP3
ZI61,ZI61-HE,haploid_embryo,SRR203472,"X,2L,2R,3L,3R",146,146,111.3,44.1,DPGP3
ZI68,ZI68-HE,haploid_embryo,SRR210789,"X,2L,2R,3L,3R",146,146,111.2,44.7,DPGP3
ZI76,ZI76-HE,haploid_embryo,SRR248123,"X,2L,2R,3L,3R",146,146,111.1,34.6,DPGP3
ZI81,ZI81-HE,haploid_embryo,SRR248128,"X,2L,2R,3L,3R",146,146,110.9,32.7,DPGP3
ZI85,ZI85-HE,haploid_embryo,SRR203508,"X,2L,2R,3L,3R",146,146,110.9,47.0,DPGP3
ZI86,ZI86-HE,haploid_embryo,SRR203231,"X,2L,2R,3L,3R",146,146,110.5,33.7,DPGP3
ZI90,ZI90-HE,haploid_embryo,SRR204016,"X,2L,2R,3L,3R",146,146,111.1,41.6,DPGP3
ZI91,ZI91_1-HE,haploid_embryo,SRR189423,"X,2L,2R,3L,3R",76,76,110.9,40.3,DPGP3
ZI99,ZI99-HE,haploid_embryo,SRR346927,"X,2L,2R,3L,3R",160,156,111.0,37.6,DPGP3
RAL-100,RAL-100,inbred_line,SRX156026,"X,2L,2R,3L,3R",125,125,78.7,68.6,DGRP
RAL-101,RAL-101,inbred_line,SRX020747,"X,2L,2R,3L,3R",75,75,82.5,16.6,DGRP
RAL-105,RAL-105,inbred_line,SRX020745,"X,2L,2R,3L,3R",75,75,104.6,16.8,DGRP
RAL-109,RAL-109,inbred_line,"SRX020746,SRX156025","X,2L,2R,3L,3R","75,125","75,125",81.8,61.1,DGRP
RAL-129,RAL-129,inbred_line,SRX020748,"X,2L,2R,3L,3R",75,75,107.6,12.6,DGRP
RAL-136,RAL-136,inbred_line,SRX020753,"X,2L,2R,3L,3R",75,75,59.5,18.5,DGRP
RAL-138,RAL-138,inbred_line,SRX021008,"X,2L,2R,3L,3R",100,100,96.5,37.7,DGRP
RAL-142,RAL-142,inbred_line,SRX020759,"X,2L,2R,3L,3R",110,110,98.6,30.3,DGRP
RAL-149,RAL-149,inbred_line,SRX020760,"X,2L,2R,3L,3R",75,75,97.0,19.3,DGRP
RAL-153,RAL-153,inbred_line,SRX021514,"X,2L,2R,3L,3R",75,X,101.1,12.1,DGRP
RAL-158,RAL-158,inbred_line,SRX021009,"X,2L,2R,3L,3R",75,75,102.7,15.6,DGRP
RAL-161,RAL-161,inbred_line,SRX020761,"X,2L,2R,3L,3R",75,75,102.6,17.7,DGRP
RAL-176,RAL-176,inbred_line,"SRX020763,SRX020762","X,2L,2R,3L,3R",75,75,99.9,38.9,DGRP
RAL-177,RAL-177,inbred_line,SRX021026,"X,2L,2R,3L,3R",95,95,103.9,28.6,DGRP
RAL-181,RAL-181,inbred_line,SRX020912,"X,2L,2R,3L,3R",75,75,105.0,31.5,DGRP
RAL-189,RAL-189,inbred_line,SRX155979,"X,2L,2R,3L,3R",125,125,102.1,49.6,DGRP
RAL-195,RAL-195,inbred_line,SRX021039,"X,2L,2R,3L,3R",75,75,103.5,18.4,DGRP
RAL-208,RAL-208,inbred_line,SRX005977,"X,2L,2R,3L,3R","45,64,75","45,64,75",104.4,18.5,DGRP
RAL-21,RAL-21,inbred_line,SRX021040,"X,2L,2R,3L,3R",95,95,104.3,19.2,DGRP
RAL-217,RAL-217,inbred_line,SRX021041,"X,2L,2R,3L,3R",75,75,102.2,16.5,DGRP
RAL-223,RAL-223,inbred_line,SRX155994,"X,2L,2R,3L,3R",125,125,99.6,51.1,DGRP
RAL-227,RAL-227,inbred_line,SRX021042,"X,2L,2R,3L,3R",75,75,106.5,14.2,DGRP
RAL-228,RAL-228,inbred_line,SRX021043,"X,2L,2R,3L,3R",75,75,104.0,14.8,DGRP
RAL-229,RAL-229,inbred_line,SRX021052,"X,2L,2R,3L,3R","75,125","75,125",94.6,68.1,DGRP
RAL-233,RAL-233,inbred_line,SRX021061,"X,2L,2R,3L,3R",75,75,105.7,15.7,DGRP
RAL-235,RAL-235,inbred_line,SRX021053,"X,2L,2R,3L,3R",95,95,106.7,23.1,DGRP
RAL-237,RAL-237,inbred_line,"SRX023423,SRX023422","X,2L,2R,3L,3R","44,75","44,75",66.0,19.9,DGRP
RAL-239,RAL-239,inbred_line,SRX021054,"X,2L,2R,3L,3R",75,75,105.0,17.8,DGRP
RAL-256,RAL-256,inbred_line,SRX021055,"X,2L,2R,3L,3R",75,75,104.9,17.7,DGRP
RAL-26,RAL-26,inbred_line,SRX021056,"X,2L,2R,3L,3R","44,75","44,75",105.8,18.7,DGRP
RAL-28,RAL-28,inbred_line,"SRX021783,SRX021782","X,2L,2R,3L,3R","44,75","44,75",107.8,17.5,DGRP
RAL-280,RAL-280,inbred_line,SRX021058,"X,2L,2R,3L,3R",75,75,106.2,17.9,DGRP
RAL-287,RAL-287,inbred_line,SRX021059,"X,2L,2R,3L,3R",75,75,104.0,14.0,DGRP
RAL-301,RAL-301,inbred_line,"SRX155995,SRX005978","X,2L,2R,3L,3R","45,64,75,125","45,64,75,125",76.6,69.5,DGRP
RAL-303,RAL-303,inbred_line,"SRX155978,SRX155977,SRX005986,SRX005985","X,2L,2R,3L,3R","45,64,100,125","45,64,100,125",27.5,160.7,DGRP
RAL-304,RAL-304,inbred_line,"SRX156009,SRX156008,SRX005988,SRX005987","X,2L,2R,3L,3R","45,64,75,85,100,125","45,64,75,85,100,125",88.9,143.3,DGRP
RAL-306,RAL-306,inbred_line,"SRX156007,SRX006140,SRX006139","X,2L,2R,3L,3R","45,64,75,125","45,64,75,125",84.9,52.3,DGRP
RAL-307,RAL-307,inbred_line,"SRX156012,SRX156011,SRX006188,SRX006187,SRX006186","X,2L,2R,3L,3R","36,45,75,100,125","36,45,X,100,125",80.7,166.7,DGRP
RAL-309,RAL-309,inbred_line,SRX021060,"X,2L,2R,3L,3R",75,75,76.5,17.8,DGRP
RAL-31,RAL-31,inbred_line,SRX155996,"X,2L,2R,3L,3R",125,125,55.4,60.4,DGRP
RAL-310,RAL-310,inbred_line,SRX021080,"X,2L,2R,3L,3R",75,75,104.5,16.8,DGRP
RAL-313,RAL-313,inbred_line,"SRX006277, SRX006276,SRX006275","X,2L,2R,3L,3R","36,45,75","36,45,75",103.0,7.8,DGRP
RAL-315,RAL-315,inbred_line,"SRX156010,SRX006143,SRX006142,SRX006141","X,2L,2R,3L,3R","45,75,85,125","45,75,85,125",102.6,48.6,DGRP
RAL-317,RAL-317,inbred_line,SRX021081,"X,2L,2R,3L,3R",75,75,74.4,13.0,DGRP
RAL-318,RAL-318,inbred_line,SRX021082,"X,2L,2R,3L,3R",75,75,105.4,19.9,DGRP
RAL-319,RAL-319,inbred_line,SRX155981,"X,2L,2R,3L,3R",125,125,83.7,45.4,DGRP
RAL-32,RAL-32,inbred_line,SRX155997,"X,2L,2R,3L,3R",125,125,87.3,68.7,DGRP
RAL-320,RAL-320,inbred_line,SRX021063,"X,2L,2R,3L,3R",95,95,98.2,30.7,DGRP
RAL-321,RAL-321,inbred_line,SRX021094,"X,2L,2R,3L,3R",95,95,87.1,40.5,DGRP
RAL-324,RAL-324,inbred_line,"SRX006144,SRX006145,SRX155982","X,2L,2R,3L,3R","45,100","45,100",89.2,123.1,DGRP
RAL-325,RAL-325,inbred_line,SRX021793,"X,2L,2R,3L,3R",75,X,96.8,15.4,DGRP
RAL-332,RAL-332,inbred_line,SRX021095,"X,2L,2R,3L,3R",75,75,89.3,33.0,DGRP
RAL-335,RAL-335,inbred_line,SRX021097,"X,2L,2R,3L,3R",45,45,93.9,9.7,DGRP
RAL-336,RAL-336,inbred_line,SRX021096,"X,2L,2R,3L,3R",75,75,81.3,13.9,DGRP
RAL-338,RAL-338,inbred_line,SRX021097,"X,2L,2R,3L,3R",75,75,67.1,14.0,DGRP
RAL-340,RAL-340,inbred_line,SRX156030,"X,2L,2R,3L,3R","75,100","75,100",74.4,85.8,DGRP
RAL-348,RAL-348,inbred_line,SRX156029,"X,2L,2R,3L,3R",125,125,99.8,60.5,DGRP
RAL-350,RAL-350,inbred_line,SRX021100,"X,2L,2R,3L,3R",75,75,78.8,13.2,DGRP
RAL-352,RAL-352,inbred_line,SRX021101,"X,2L,2R,3L,3R",75,75,77.6,20.4,DGRP
RAL-354,RAL-354,inbred_line,SRX156027,"X,2L,2R,3L,3R",101,101,98.7,68.6,DGRP
RAL-355,RAL-355,inbred_line,SRX156028,"X,2L,2R,3L,3R",101,101,101.1,54.9,DGRP
RAL-356,RAL-356,inbred_line,SRX023833,"X,2L,2R,3L,3R",75,75,93.2,20.6,DGRP
RAL-357,RAL-357,inbred_line,"SRX006146,SRX006147","X,2L,2R,3L,3R",45,45,107.6,19.3,DGRP
RAL-358,RAL-358,inbred_line,"SRX006283,SRX006282","X,2L,2R,3L,3R","45,75","45,75",103.4,9.0,DGRP
RAL-359,RAL-359,inbred_line,SRX023424,"X,2L,2R,3L,3R",95,95,92.5,22.5,DGRP
RAL-360,RAL-360,inbred_line,"SRX155999,SRX006309","X,2L,2R,3L,3R","36,125","36,X",97.1,45.6,DGRP
RAL-361,RAL-361,inbred_line,SRX155984,"X,2L,2R,3L,3R",125,125,71.5,52.8,DGRP
RAL-362,RAL-362,inbred_line,"SRX006288,SRX006287","X,2L,2R,3L,3R","45,75,125","X,X,125",95.9,47.9,DGRP
RAL-365,RAL-365,inbred_line,"SRX006291, SRX006290,SRX006289","X,2L,2R,3L,3R","45,75","45,75",99.5,18.9,DGRP
RAL-367,RAL-367,inbred_line,SRX021103,"X,2L,2R,3L,3R",75,75,97.1,16.2,DGRP
RAL-370,RAL-370,inbred_line,SRX021104,"X,2L,2R,3L,3R",95,95,105.4,25.2,DGRP
RAL-371,RAL-371,inbred_line,"SRX021257,SRX156000","X,2L,2R,3L,3R","75,85,125","75,85,125",103.3,51.0,DGRP
RAL-373,RAL-373,inbred_line,"SRX023425,SRX155983","X,2L,2R,3L,3R","95,125","95,125",71.3,59.0,DGRP
RAL-374,RAL-374,inbred_line,SRX023427,"X,2L,2R,3L,3R",95,95,106.3,16.3,DGRP
RAL-375,RAL-375,inbred_line,"SRX006150, SRX006149,SRX006148","X,2L,2R,3L,3R","45,75","45,75",96.3,34.8,DGRP
RAL-377,RAL-377,inbred_line,SRX023834,"X,2L,2R,3L,3R",95,95,67.6,26.0,DGRP
RAL-379,RAL-379,inbred_line,"SRX006293,SRX006292","X,2L,2R,3L,3R","45,75","45,75",103.9,13.7,DGRP
RAL-38,RAL-38,inbred_line,SRX025317,"X,2L,2R,3L,3R",95,95,73.2,33.3,DGRP
RAL-380,RAL-380,inbred_line,"SRX006303, SRX006302, SRX006301,SRX006300","X,2L,2R,3L,3R","45,74,75","45,74,75",104.8,33.8,DGRP
RAL-381,RAL-381,inbred_line,SRX021112,"X,2L,2R,3L,3R",75,75,81.2,26.8,DGRP
RAL-382,RAL-382,inbred_line,SRX156013,"X,2L,2R,3L,3R",125,125,101.5,50.0,DGRP
RAL-383,RAL-383,inbred_line,SRX021113,"X,2L,2R,3L,3R",95,95,106.7,22.7,DGRP
RAL-385,RAL-385,inbred_line,SRX159098,"X,2L,2R,3L,3R",95,95,101.9,13.5,DGRP
RAL-386,RAL-386,inbred_line,"SRX021798,SRX021797","X,2L,2R,3L,3R","44,75","44,75",100.9,14.1,DGRP
RAL-390,RAL-390,inbred_line,SRX156014,"X,2L,2R,3L,3R",125,125,74.5,34.9,DGRP
RAL-391,RAL-391,inbred_line,"SRX023452, SRX006152,SRX006151","X,2L,2R,3L,3R","45,75,95","45,75,95",101.5,44.3,DGRP
RAL-392,RAL-392,inbred_line,SRX021157,"X,2L,2R,3L,3R",95,95,86.9,28.2,DGRP
RAL-395,RAL-395,inbred_line,SRX156015,"X,2L,2R,3L,3R",101,101,100.6,56.2,DGRP
RAL-397,RAL-397,inbred_line,SRX156017,"X,2L,2R,3L,3R",125,125,75.5,40.6,DGRP
RAL-399,RAL-399,inbred_line,"SRX006154,SRX006153","X,2L,2R,3L,3R","45,75","45,75",106.8,18.3,DGRP
RAL-40,RAL-40,inbred_line,SRX021235,"X,2L,2R,3L,3R",95,95,103.5,39.9,DGRP
RAL-405,RAL-405,inbred_line,SRX021242,"X,2L,2R,3L,3R",95,95,79.9,25.7,DGRP
RAL-406,RAL-406,inbred_line,SRX021254,"X,2L,2R,3L,3R",95,95,102.8,29.4,DGRP
RAL-409,RAL-409,inbred_line,"SRX021243,SRX156016","X,2L,2R,3L,3R","95,125","95,125",49.4,49.3,DGRP
RAL-41,RAL-41,inbred_line,"SRX021791,SRX021790","X,2L,2R,3L,3R","44,75","44,75",101.6,16.2,DGRP
RAL-42,RAL-42,inbred_line,SRX021255,"X,2L,2R,3L,3R",95,95,103.0,21.9,DGRP
RAL-426,RAL-426,inbred_line,SRX021245,"X,2L,2R,3L,3R",95,95,66.1,26.9,DGRP
RAL-427,RAL-427,inbred_line,SRX006155,"X,2L,2R,3L,3R",45,45,105.5,19.2,DGRP
RAL-437,RAL-437,inbred_line,"SRX006156,SRX156001","X,2L,2R,3L,3R","45,125","45,125",96.5,50.3,DGRP
RAL-439,RAL-439,inbred_line,SRX021244,"X,2L,2R,3L,3R",95,95,102.0,22.8,DGRP
RAL-440,RAL-440,inbred_line,SRX021246,"X,2L,2R,3L,3R",95,95,77.2,24.6,DGRP
RAL-441,RAL-441,inbred_line,SRX023835,"X,2L,2R,3L,3R",95,95,106.2,23.8,DGRP
RAL-443,RAL-443,inbred_line,SRX021260,"X,2L,2R,3L,3R",95,95,79.3,29.4,DGRP
RAL-45,RAL-45,inbred_line,SRX021261,"X,2L,2R,3L,3R",75,75,103.7,18.4,DGRP
RAL-461,RAL-461,inbred_line,SRX021262,"X,2L,2R,3L,3R",95,95,106.0,21.8,DGRP
RAL-48,RAL-48,inbred_line,SRX155989,"X,2L,2R,3L,3R",125,125,68.3,40.4,DGRP
RAL-486,RAL-486,inbred_line,SRX006157,"X,2L,2R,3L,3R",45,45,107.0,10.2,DGRP
RAL-49,RAL-49,inbred_line,SRX021267,"X,2L,2R,3L,3R",75,75,101.7,19.6,DGRP
RAL-491,RAL-491,inbred_line,SRX021268,"X,2L,2R,3L,3R",75,75,107.4,19.2,DGRP
RAL-492,RAL-492,inbred_line,SRX021270,"X,2L,2R,3L,3R",95,95,105.7,27.7,DGRP
RAL-502,RAL-502,inbred_line,SRX021271,"X,2L,2R,3L,3R",95,95,85.5,27.6,DGRP
RAL-505,RAL-505,inbred_line,SRX156002,"X,2L,2R,3L,3R",125,125,105.6,53.6,DGRP
RAL-508,RAL-508,inbred_line,SRX021272,"X,2L,2R,3L,3R",95,95,105.8,25.7,DGRP
RAL-509,RAL-509,inbred_line,SRX021273,"X,2L,2R,3L,3R",75,75,106.3,19.5,DGRP
RAL-513,RAL-513,inbred_line,SRX021282,"X,2L,2R,3L,3R",95,95,104.7,24.9,DGRP
RAL-517,RAL-517,inbred_line,"SRX024363,SRX024362","X,2L,2R,3L,3R","45,75","45,75",103.5,29.1,DGRP
RAL-528,RAL-528,inbred_line,SRX155985,"X,2L,2R,3L,3R",125,125,55.7,46.9,DGRP
RAL-530,RAL-530,inbred_line,SRX156031,"X,2L,2R,3L,3R",125,125,103.7,25.3,DGRP
RAL-531,RAL-531,inbred_line,SRX021290,"X,2L,2R,3L,3R",95,95,89.2,21.4,DGRP
RAL-535,RAL-535,inbred_line,SRX021293,"X,2L,2R,3L,3R",75,75,105.8,19.2,DGRP
RAL-551,RAL-551,inbred_line,SRX156034,"X,2L,2R,3L,3R",125,125,71.3,25.9,DGRP
RAL-555,RAL-555,inbred_line,SRX006159,"X,2L,2R,3L,3R",75,75,102.9,23.6,DGRP
RAL-559,RAL-559,inbred_line,SRX156032,"X,2L,2R,3L,3R",125,125,68.9,29.1,DGRP
RAL-563,RAL-563,inbred_line,SRX023836,"X,2L,2R,3L,3R",75,75,65.5,14.2,DGRP
RAL-566,RAL-566,inbred_line,SRX156033,"X,2L,2R,3L,3R",101,101,81.9,58.6,DGRP
RAL-57,RAL-57,inbred_line,SRX021296,"X,2L,2R,3L,3R",100,100,100.5,40.6,DGRP
RAL-584,RAL-584,inbred_line,"SRX155987,SRX155986","X,2L,2R,3L,3R","95,125","95,125",83.7,72.5,DGRP
RAL-589,RAL-589,inbred_line,SRX023837,"X,2L,2R,3L,3R","75,100","75,100",99.1,109.7,DGRP
RAL-59,RAL-59,inbred_line,SRX021327,"X,2L,2R,3L,3R",75,75,97.3,19.6,DGRP
RAL-595,RAL-595,inbred_line,SRX021328,"X,2L,2R,3L,3R",75,75,103.4,13.4,DGRP
RAL-596,RAL-596,inbred_line,SRX156004,"X,2L,2R,3L,3R",101,101,101.0,49.2,DGRP
RAL-627,RAL-627,inbred_line,SRX155988,"X,2L,2R,3L,3R",125,125,13.0,61.8,DGRP
RAL-630,RAL-630,inbred_line,SRX156003,"X,2L,2R,3L,3R",125,125,50.2,28.8,DGRP
RAL-634,RAL-634,inbred_line,SRX156018,"X,2L,2R,3L,3R",125,125,79.3,23.8,DGRP
RAL-639,RAL-639,inbred_line,"SRX006161,SRX006160","X,2L,2R,3L,3R",75,75,104.1,20.8,DGRP
RAL-642,RAL-642,inbred_line,SRX021331,"X,2L,2R,3L,3R",75,75,106.5,17.9,DGRP
RAL-646,RAL-646,inbred_line,SRX021332,"X,2L,2R,3L,3R",75,75,104.9,15.9,DGRP
RAL-69,RAL-69,inbred_line,SRX023449,"X,2L,2R,3L,3R",75,75,105.8,21.5,DGRP
RAL-703,RAL-703,inbred_line,SRX021508,"X,2L,2R,3L,3R",95,95,106.9,19.5,DGRP
RAL-705,RAL-705,inbred_line,SRX006162,"X,2L,2R,3L,3R",75,75,102.2,21.6,DGRP
RAL-707,RAL-707,inbred_line,SRX006163,"X,2L,2R,3L,3R",75,75,102.7,21.9,DGRP
RAL-712,RAL-712,inbred_line,SRX006164,"X,2L,2R,3L,3R",75,75,104.7,20.1,DGRP
RAL-714,RAL-714,inbred_line,"SRX006166,SRX006165","X,2L,2R,3L,3R",75,75,97.4,21.1,DGRP
RAL-716,RAL-716,inbred_line,SRX021380,"X,2L,2R,3L,3R",75,75,105.6,16.0,DGRP
RAL-721,RAL-721,inbred_line,SRX021381,"X,2L,2R,3L,3R",75,75,106.8,16.2,DGRP
RAL-727,RAL-727,inbred_line,SRX021382,"X,2L,2R,3L,3R",75,75,100.3,32.9,DGRP
RAL-73,RAL-73,inbred_line,SRX023450,"X,2L,2R,3L,3R",75,75,102.3,17.9,DGRP
RAL-730,RAL-730,inbred_line,SRX006308,"X,2L,2R,3L,3R",75,X,105.5,17.1,DGRP
RAL-732,RAL-732,inbred_line,SRX006167,"X,2L,2R,3L,3R",75,75,73.4,20.0,DGRP
RAL-737,RAL-737,inbred_line,SRX023451,"X,2L,2R,3L,3R",75,75,74.7,31.1,DGRP
RAL-738,RAL-738,inbred_line,SRX021383,"X,2L,2R,3L,3R",75,75,50.7,34.6,DGRP
RAL-748,RAL-748,inbred_line,"SRX156019,SRX156020","X,2L,2R,3L,3R","95,125","95,125",96.1,57.9,DGRP
RAL-75,RAL-75,inbred_line,SRX021384,"X,2L,2R,3L,3R",110,110,98.4,27.4,DGRP
RAL-757,RAL-757,inbred_line,SRX021385,"X,2L,2R,3L,3R",75,75,89.6,33.0,DGRP
RAL-761,RAL-761,inbred_line,SRX021386,"X,2L,2R,3L,3R",75,75,105.6,19.1,DGRP
RAL-765,RAL-765,inbred_line,"SRX006169,SRX006168","X,2L,2R,3L,3R",75,75,103.8,20.8,DGRP
RAL-774,RAL-774,inbred_line,"SRX006170,SRX156022","X,2L,2R,3L,3R","45,125","45,125",72.8,37.4,DGRP
RAL-776,RAL-776,inbred_line,SRX021387,"X,2L,2R,3L,3R",75,75,94.8,20.0,DGRP
RAL-783,RAL-783,inbred_line,SRX023455,"X,2L,2R,3L,3R",75,75,107.2,17.0,DGRP
RAL-786,RAL-786,inbred_line,SRX006171,"X,2L,2R,3L,3R",45,45,105.9,13.7,DGRP
RAL-787,RAL-787,inbred_line,SRX021388,"X,2L,2R,3L,3R",75,75,105.2,19.1,DGRP
RAL-790,RAL-790,inbred_line,SRX021389,"X,2L,2R,3L,3R",95,95,105.9,20.1,DGRP
RAL-796,RAL-796,inbred_line,SRX021390,"X,2L,2R,3L,3R",75,75,95.6,18.7,DGRP
RAL-799,RAL-799,inbred_line,"SRX006172,SRX006173","X,2L,2R,3L,3R",75,75,108.2,20.1,DGRP
RAL-801,RAL-801,inbred_line,"SRX021391,SRX156021","X,2L,2R,3L,3R","95,125","95,125",85.0,52.9,DGRP
RAL-802,RAL-802,inbred_line,"SRX025318,SRX156005","X,2L,2R,3L,3R","95,125","95,125",43.3,62.2,DGRP
RAL-804,RAL-804,inbred_line,SRX021399,"X,2L,2R,3L,3R",75,75,96.0,18.7,DGRP
RAL-805,RAL-805,inbred_line,SRX021400,"X,2L,2R,3L,3R",75,75,106.8,19.7,DGRP
RAL-808,RAL-808,inbred_line,"SRX021402,SRX155992","X,2L,2R,3L,3R","75,125","75,125",80.7,68.1,DGRP
RAL-810,RAL-810,inbred_line,SRX021418,"X,2L,2R,3L,3R",75,75,106.9,16.9,DGRP
RAL-812,RAL-812,inbred_line,SRX021419,"X,2L,2R,3L,3R",75,75,87.7,20.3,DGRP
RAL-818,RAL-818,inbred_line,SRX021478,"X,2L,2R,3L,3R",75,75,88.8,18.5,DGRP
RAL-819,RAL-819,inbred_line,SRX156006,"X,2L,2R,3L,3R",100,100,98.3,93.2,DGRP
RAL-820,RAL-820,inbred_line,"SRX006174,SRX006175","X,2L,2R,3L,3R",75,75,105.3,18.2,DGRP
RAL-821,RAL-821,inbred_line,"SRX155990,SRX155991","X,2L,2R,3L,3R","100,125","100,125",72.1,135.8,DGRP
RAL-822,RAL-822,inbred_line,SRX021476,"X,2L,2R,3L,3R",110,110,80.3,23.9,DGRP
RAL-83,RAL-83,inbred_line,SRX023456,"X,2L,2R,3L,3R",75,75,88.3,17.4,DGRP
RAL-832,RAL-832,inbred_line,SRX021477,"X,2L,2R,3L,3R",95,95,100.4,17.5,DGRP
RAL-837,RAL-837,inbred_line,SRX021479,"X,2L,2R,3L,3R",95,95,104.8,25.0,DGRP
RAL-843,RAL-843,inbred_line,SRX156036,"X,2L,2R,3L,3R",125,125,100.0,52.6,DGRP
RAL-849,RAL-849,inbred_line,SRX156035,"X,2L,2R,3L,3R",125,125,80.3,47.5,DGRP
RAL-85,RAL-85,inbred_line,SRX021490,"X,2L,2R,3L,3R",75,75,78.7,18.5,DGRP
RAL-850,RAL-850,inbred_line,SRX155993,"X,2L,2R,3L,3R",125,125,101.9,54.8,DGRP
RAL-852,RAL-852,inbred_line,"SRX006304,SRX006305","X,2L,2R,3L,3R","45,75","45,75",70.1,26.4,DGRP
RAL-853,RAL-853,inbred_line,"SRX021491,SRX155976","X,2L,2R,3L,3R","110,125","110,125",64.3,75.7,DGRP
RAL-855,RAL-855,inbred_line,SRX021563,"X,2L,2R,3L,3R",110,110,85.7,25.3,DGRP
RAL-857,RAL-857,inbred_line,SRX021492,"X,2L,2R,3L,3R",110,110,69.4,27.6,DGRP
RAL-859,RAL-859,inbred_line,SRX006176,"X,2L,2R,3L,3R",75,75,105.1,18.1,DGRP
RAL-861,RAL-861,inbred_line,SRX021493,"X,2L,2R,3L,3R",75,75,99.8,17.4,DGRP
RAL-879,RAL-879,inbred_line,SRX021494,"X,2L,2R,3L,3R",75,75,106.1,19.0,DGRP
RAL-88,RAL-88,inbred_line,SRX021495,"X,2L,2R,3L,3R",75,75,74.7,16.7,DGRP
RAL-882,RAL-882,inbred_line,SRX021496,"X,2L,2R,3L,3R",75,75,107.5,21.3,DGRP
RAL-884,RAL-884,inbred_line,SRX021498,"X,2L,2R,3L,3R",75,75,79.7,19.2,DGRP
RAL-887,RAL-887,inbred_line,SRX021527,"X,2L,2R,3L,3R",95,95,106.9,24.9,DGRP
RAL-890,RAL-890,inbred_line,SRX021499,"X,2L,2R,3L,3R",75,75,103.2,18.9,DGRP
RAL-892,RAL-892,inbred_line,SRX023838,"X,2L,2R,3L,3R",95,95,90.8,25.0,DGRP
RAL-894,RAL-894,inbred_line,SRX021528,"X,2L,2R,3L,3R",95,95,95.1,20.2,DGRP
RAL-897,RAL-897,inbred_line,SRX023457,"X,2L,2R,3L,3R",75,75,106.8,33.3,DGRP
RAL-900,RAL-900,inbred_line,SRX156023,"X,2L,2R,3L,3R","95,125","95,125",84.0,67.3,DGRP
RAL-907,RAL-907,inbred_line,SRX021500,"X,2L,2R,3L,3R",95,95,55.2,21.4,DGRP
RAL-908,RAL-908,inbred_line,SRX021501,"X,2L,2R,3L,3R",95,95,106.1,21.4,DGRP
RAL-91,RAL-91,inbred_line,SRX021503,"X,2L,2R,3L,3R",75,75,103.4,16.7,DGRP
RAL-911,RAL-911,inbred_line,SRX021502,"X,2L,2R,3L,3R",95,95,58.4,19.0,DGRP
RAL-913,RAL-913,inbred_line,SRX156024,"X,2L,2R,3L,3R",125,125,41.3,51.8,DGRP
RAL-93,RAL-93,inbred_line,SRX021504,"X,2L,2R,3L,3R",75,75,106.2,18.3,DGRP
b1,b1,inbred_line,"SRX136811,SRX136827,SRX136830","X,2L,2R,3L,3R",54,54,116.9,28.5,DSRP
b3839,b3839,inbred_line,"SRX136799,SRX136832,SRR136840","X,2L,2R,3L,3R",54,54,116.0,28.8,DSRP
b3841,b3841,inbred_line,"SRX136809,SRX136836,SRX136849","X,2L,2R,3L,3R",54,54,88.7,47.1,DSRP
b3841ST,b3841ST,inbred_line,"SRX136808,SRX136826","X,2L,2R,3L,3R",76,76,109.6,46.2,DSRP
b3844,b3844,inbred_line,"SRX136805,SRX136820,SRX136846","X,2L,2R,3L,3R",54,54,116.9,34.3,DSRP
b3846,b3846,inbred_line,"SRX136801,SRX136829,SRX136838","X,2L,2R,3L,3R",54,54,108.2,45.4,DSRP
b3852,b3852,inbred_line,"SRX136803,SRX136804,SRX136845","X,2L,2R,3L,3R",54,54,115.7,48.8,DSRP
b3864,b3864,inbred_line,"SRX136812,SRX136816,SRX136823","X,2L,2R,3L,3R",54,54,116.2,47.7,DSRP
b3870,b3870,inbred_line,"SRX136821,SRX136825,SRX136839","X,2L,2R,3L,3R",54,54,116.2,42.0,DSRP
b3875,b3875,inbred_line,"SRX136807,SRX136824,SRX136831","X,2L,2R,3L,3R",54,54,117.1,44.7,DSRP
b3886,b3886,inbred_line,"SRX136818,SRX136835,SRX136848","X,2L,2R,3L,3R",54,54,116.5,50.3,DSRP
SAM,SAM,inbred_line,"SRX136800,SRX136833,SRX136843","X,2L,2R,3L,3R",54,54,117.5,48.9,DSRP
t0,t0,inbred_line,"SRX136813,SRX136841,SRX136842","X,2L,2R,3L,3R",54,54,93.4,47.0,DSRP
t0XSAM,t0XSAM,inbred_line,"SRX136810,SRX136847","X,2L,2R,3L,3R","54,76","54,76",0.7,34.5,DSRP
t0XSS,t0XSS,inbred_line,"SRX136817,SRX136837","X,2L,2R,3L,3R","54,76","54,76",0.5,40.1,DSRP
t1,t1,inbred_line,"SRX136802,SRX136834,SRX136844","X,2L,2R,3L,3R",54,54,113.3,35.1,DSRP
t4,t4,inbred_line,"SRX136806,SRX136815,SRX136828","X,2L,2R,3L,3R",54,54,117.1,27.0,DSRP
t7,t7,inbred_line,"SRX136814,SRX136819,SRX136822","X,2L,2R,3L,3R",54,54,110.7,37.0,DSRP
13_29,13_29,inbred_line,SRX891920,"X,2L,2R,3L,3R",100,100,34.7,10.6,NUZHDIN
13_34,13_34,inbred_line,SRX891922,"X,2L,2R,3L,3R",100,100,41.6,10.5,NUZHDIN
20_17,20_17,inbred_line,SRX891924,"X,2L,2R,3L,3R",100,100,75.3,11.0,NUZHDIN
20_28,20_28,inbred_line,SRX891930,"X,2L,2R,3L,3R",100,100,110.7,11.6,NUZHDIN
21_36,21_36,inbred_line,SRX891932,"X,2L,2R,3L,3R",100,100,63.9,8.1,NUZHDIN
21_39,21_39,inbred_line,SRX891933,"X,2L,2R,3L,3R",100,100,39.9,13.6,NUZHDIN
24_2,24_2,inbred_line,SRX891942,"X,2L,2R,3L,3R",100,100,85.7,13.2,NUZHDIN
24_9,24_9,inbred_line,SRX891989,"X,2L,2R,3L,3R",100,100,48.3,8.6,NUZHDIN
28_8,28_8,inbred_line,SRX891948,"X,2L,2R,3L,3R",100,100,81.0,13.0,NUZHDIN
33_11,33_11,inbred_line,SRX891953,"X,2L,2R,3L,3R",100,100,78.9,12.3,NUZHDIN
33_16,33_16,inbred_line,SRX891955,"X,2L,2R,3L,3R",100,100,65.9,10.1,NUZHDIN
36_12,36_12,inbred_line,SRX891960,"X,2L,2R,3L,3R",100,100,62.4,9.3,NUZHDIN
36_9,36_9,inbred_line,SRX891961,"X,2L,2R,3L,3R",100,100,112.0,8.1,NUZHDIN
40_10,40_10,inbred_line,SRX891962,"X,2L,2R,3L,3R",100,100,53.0,11.2,NUZHDIN
40_23,40_23,inbred_line,SRX891968,"X,2L,2R,3L,3R",100,100,92.5,19.8,NUZHDIN
42_20,42_20,inbred_line,SRX891998,"X,2L,2R,3L,3R",100,100,43.7,7.4,NUZHDIN
42_23,42_23,inbred_line,SRX891974,"X,2L,2R,3L,3R",100,100,85.8,8.7,NUZHDIN
43_18,43_18,inbred_line,SRX891982,"X,2L,2R,3L,3R",100,100,45.7,5.4,NUZHDIN
43_19,43_19,inbred_line,SRX891983,"X,2L,2R,3L,3R",100,100,38.6,8.1,NUZHDIN
4_12,4_12,inbred_line,SRX891969,"X,2L,2R,3L,3R",100,100,103.8,3.3,NUZHDIN
4_27,4_27,inbred_line,SRX891975,"X,2L,2R,3L,3R",100,100,9.8,14.3,NUZHDIN
H_25,H_25,inbred_line,SRX891984,"X,2L,2R,3L,3R",100,100,80.5,9.4,NUZHDIN
H_29,H_29,inbred_line,SRX892002,"X,2L,2R,3L,3R",100,100,61.2,5.6,NUZHDIN
FR23,FR23,inbred_line,ERX650203,"X,2L,2R,3L,3R",90,90,0.6,51.9,BERGMAN
FR24,FR24,inbred_line,ERX650204,"X,2L,2R,3L,3R",90,90,0.5,50.3,BERGMAN
FR25,FR25,inbred_line,ERX650205,"X,2L,2R,3L,3R",90,90,0.5,52.6,BERGMAN
FR26,FR26,inbred_line,ERX650206,"X,2L,2R,3L,3R",90,90,0.5,54.2,BERGMAN
FR28,FR28,inbred_line,ERX650207,"X,2L,2R,3L,3R",90,90,2.2,50.6,BERGMAN
FR29,FR29,inbred_line,ERX650208,"X,2L,2R,3L,3R",90,90,0.5,51.6,BERGMAN
FR30,FR30,inbred_line,ERX650209,"X,2L,2R,3L,3R",90,90,0.5,51.4,BERGMAN
FR31,FR31,inbred_line,ERX650210,"X,2L,2R,3L,3R",90,90,0.5,50.7,BERGMAN
FR32,FR32,inbred_line,ERX650211,"X,2L,2R,3L,3R",90,90,0.5,52.6,BERGMAN
FR33,FR33,inbred_line,ERX650212,"X,2L,2R,3L,3R",90,90,0.5,53.7,BERGMAN
FR34,FR34,inbred_line,ERX650213,"X,2L,2R,3L,3R",90,90,0.5,51.8,BERGMAN
FR35,FR35,inbred_line,ERX650214,"X,2L,2R,3L,3R",90,90,0.5,48.2,BERGMAN
FR37,FR37,inbred_line,ERX650215,"X,2L,2R,3L,3R",90,90,0.5,52.7,BERGMAN
FR38,FR38,inbred_line,ERX650216,"X,2L,2R,3L,3R",90,90,0.5,51.0,BERGMAN
FR39,FR39,inbred_line,ERX650217,"X,2L,2R,3L,3R",90,90,0.5,52.9,BERGMAN
FR42,FR42,inbred_line,ERX650218,"X,2L,2R,3L,3R",90,90,0.6,52.9,BERGMAN
FR44,FR44,inbred_line,ERX650219,"X,2L,2R,3L,3R",90,90,1.6,51.7,BERGMAN
FR45,FR45,inbred_line,ERX650220,"X,2L,2R,3L,3R",90,90,0.5,50.5,BERGMAN
FR46,FR46,inbred_line,ERX650221,"X,2L,2R,3L,3R",90,90,0.5,50.3,BERGMAN
FR48,FR48,inbred_line,ERX650222,"X,2L,2R,3L,3R",90,90,0.5,52.0,BERGMAN
GA01,GA01,inbred_line,ERX650225,"X,2L,2R,3L,3R",90,90,9.9,51.6,BERGMAN
GA02,GA02,inbred_line,ERX650226,"X,2L,2R,3L,3R",90,90,3.5,50.5,BERGMAN
GA03,GA03,inbred_line,ERX650227,"X,2L,2R,3L,3R",90,90,2.0,50.1,BERGMAN
GA04,GA04,inbred_line,ERX650228,"X,2L,2R,3L,3R",90,90,0.9,50.9,BERGMAN
GA05,GA05,inbred_line,ERX650229,"X,2L,2R,3L,3R",90,90,0.5,51.4,BERGMAN
GA06,GA06,inbred_line,ERX650230,"X,2L,2R,3L,3R",90,90,0.5,51.9,BERGMAN
GA07,GA07,inbred_line,ERX650231,"X,2L,2R,3L,3R",90,90,1.7,51.8,BERGMAN
GA09,GA09,inbred_line,ERX650234,"X,2L,2R,3L,3R",90,90,1.9,50.2,BERGMAN
GA10,GA10,inbred_line,ERX650235,"X,2L,2R,3L,3R",90,90,2.9,50.8,BERGMAN
GA11,GA11,inbred_line,ERX650236,"X,2L,2R,3L,3R",90,90,0.9,49.8,BERGMAN
GA12,GA12,inbred_line,ERX650237,"X,2L,2R,3L,3R",90,90,5.0,48.3,BERGMAN
GA13,GA13,inbred_line,ERX650238,"X,2L,2R,3L,3R",90,90,3.3,51.7,BERGMAN
GA15,GA15,inbred_line,ERX650239,"X,2L,2R,3L,3R",90,90,0.5,52.5,BERGMAN
GA17,GA17,inbred_line,ERX650240,"X,2L,2R,3L,3R",90,90,0.5,52.2,BERGMAN
GH16,GH16,inbred_line,ERX650269,"X,2L,2R,3L,3R",90,90,0.6,54.0,BERGMAN
GH17,GH17,inbred_line,ERX650270,"X,2L,2R,3L,3R",90,90,3.6,54.7,BERGMAN
GH18,GH18,inbred_line,ERX650271,"X,2L,2R,3L,3R",90,90,0.5,53.7,BERGMAN
GA08,GA08,inbred_line,ERX650232,"X,2L,2R,3L,3R",90,90,0.5,46.7,BERGMAN
GH01,GH01,inbred_line,ERX650245,"X,2L,2R,3L,3R",90,90,0.5,53.9,BERGMAN
GH02,GH02,inbred_line,ERX650247,"X,2L,2R,3L,3R",90,90,0.9,53.2,BERGMAN
GH04,GH04,inbred_line,ERX650249,"X,2L,2R,3L,3R",90,90,0.6,53.6,BERGMAN
GH05,GH05,inbred_line,ERX650251,"X,2L,2R,3L,3R",90,90,0.8,52.5,BERGMAN
GH06,GH06,inbred_line,ERX650253,"X,2L,2R,3L,3R",90,90,0.6,53.8,BERGMAN
GH08,GH08,inbred_line,ERX650255,"X,2L,2R,3L,3R",90,90,0.5,53.0,BERGMAN
GH09,GH09,inbred_line,ERX650257,"X,2L,2R,3L,3R",90,90,0.7,53.6,BERGMAN
GH10,GH10,inbred_line,ERX650259,"X,2L,2R,3L,3R",90,90,0.5,53.3,BERGMAN
GH11,GH11,inbred_line,ERX650261,"X,2L,2R,3L,3R",90,90,0.5,53.7,BERGMAN
GH12,GH12,inbred_line,ERX650263,"X,2L,2R,3L,3R",90,90,0.5,53.4,BERGMAN
GH14,GH14,inbred_line,ERX650265,"X,2L,2R,3L,3R",90,90,0.5,53.1,BERGMAN
GH15,GH15,inbred_line,ERX650267,"X,2L,2R,3L,3R",90,90,0.9,52.6,BERGMAN
w114,w114,inbred_line,SRX101762,"X,2L,2R,3L,3R",76,76,70.8,7.1,NUZHDIN
w23,w23,inbred_line,SRX101673,"X,2L,2R,3L,3R",76,76,48.9,17.6,NUZHDIN
w26,w26,inbred_line,SRX101700,"X,2L,2R,3L,3R",76,76,96.8,4.5,NUZHDIN
w33,w33,inbred_line,SRX101702,"X,2L,2R,3L,3R",76,76,41.7,5.9,NUZHDIN
w34,w34,inbred_line,SRX101703,"X,2L,2R,3L,3R",76,76,58.2,11.0,NUZHDIN
w35,w35,inbred_line,SRX101704,"X,2L,2R,3L,3R",76,76,114.5,7.2,NUZHDIN
w36,w36,inbred_line,SRX101706,"X,2L,2R,3L,3R",76,76,76.5,6.9,NUZHDIN
w37,w37,inbred_line,SRX101708,"X,2L,2R,3L,3R",76,76,116.0,6.4,NUZHDIN
w38,w38,inbred_line,SRX101710,"X,2L,2R,3L,3R",76,76,62.5,5.9,NUZHDIN
w40,w40,inbred_line,SRX101712,"X,2L,2R,3L,3R",76,76,115.6,6.8,NUZHDIN
w43,w43,inbred_line,SRX101714,"X,2L,2R,3L,3R",76,76,95.9,7.0,NUZHDIN
w47,w47,inbred_line,SRX101716,"X,2L,2R,3L,3R",76,76,106.2,6.4,NUZHDIN
w49,w49,inbred_line,SRX101718,"X,2L,2R,3L,3R",76,76,114.4,6.7,NUZHDIN
w50,w50,inbred_line,SRX101720,"X,2L,2R,3L,3R",76,76,99.1,6.0,NUZHDIN
w52,w52,inbred_line,SRX101722,"X,2L,2R,3L,3R",76,76,1.4,6.8,NUZHDIN
w54,w54,inbred_line,SRX101724,"X,2L,2R,3L,3R",76,76,80.9,6.9,NUZHDIN
w55,w55,inbred_line,SRX101726,"X,2L,2R,3L,3R",76,76,25.1,4.4,NUZHDIN
w56,w56,inbred_line,SRX101728,"X,2L,2R,3L,3R",76,76,77.9,14.6,NUZHDIN
w59,w59,inbred_line,SRX101730,"X,2L,2R,3L,3R",76,76,94.0,9.9,NUZHDIN
w60,w60,inbred_line,SRX101732,"X,2L,2R,3L,3R",76,76,60.4,5.8,NUZHDIN
w62,w62,inbred_line,SRX101734,"X,2L,2R,3L,3R",76,76,77.5,7.1,NUZHDIN
w63,w63,inbred_line,SRX101735,"X,2L,2R,3L,3R",76,76,48.8,6.6,NUZHDIN
w64,w64,inbred_line,SRX101737,"X,2L,2R,3L,3R",76,76,45.6,7.6,NUZHDIN
w66,w66,inbred_line,SRX101738,"X,2L,2R,3L,3R",76,76,115.5,6.4,NUZHDIN
w67,w67,inbred_line,SRX101740,"X,2L,2R,3L,3R",76,76,36.2,3.6,NUZHDIN
w68,w68,inbred_line,SRX101742,"X,2L,2R,3L,3R",76,76,115.2,3.2,NUZHDIN
w69,w69,inbred_line,SRX101744,"X,2L,2R,3L,3R",76,76,111.1,4.8,NUZHDIN
w74,w74,inbred_line,SRX101749,"X,2L,2R,3L,3R",76,76,95.0,6.3,NUZHDIN
w76,w76,inbred_line,SRX101751,"X,2L,2R,3L,3R",76,76,55.6,5.3,NUZHDIN
w79,w79,inbred_line,SRX101753,"X,2L,2R,3L,3R",76,76,90.8,6.4,NUZHDIN
w80,w80,inbred_line,SRX101755,"X,2L,2R,3L,3R",76,76,83.3,8.1,NUZHDIN
w82,w82,inbred_line,SRX101757,"X,2L,2R,3L,3R",76,76,62.5,6.5,NUZHDIN
w84,w84,inbred_line,SRX101759,"X,2L,2R,3L,3R",76,76,66.8,4.2,NUZHDIN
w86,w86,inbred_line,SRX101760,"X,2L,2R,3L,3R",76,76,77.7,5.2,NUZHDIN
w87,w87,inbred_line,SRX101761,"X,2L,2R,3L,3R",76,76,113.7,5.9,NUZHDIN
B04,B04,inbred_line,SRX765990,"X,2L,2R,3L,3R",100,100,115.9,13.7,CLARK
B05,B05,inbred_line,SRX765991,"X,2L,2R,3L,3R",100,100,80.6,13.4,CLARK
B10,B10,inbred_line,SRX765992,"X,2L,2R,3L,3R",100,100,100.2,13.5,CLARK
B11,B11,inbred_line,SRX765993,"X,2L,2R,3L,3R",100,100,64.2,12.9,CLARK
B12,B12,inbred_line,SRX766069,"X,2L,2R,3L,3R",100,100,93.2,14.0,CLARK
B14,B14,inbred_line,SRX766070,"X,2L,2R,3L,3R",100,100,88.1,13.1,CLARK
B23,B23,inbred_line,SRX766071,"X,2L,2R,3L,3R",100,100,65.8,12.0,CLARK
B28,B28,inbred_line,SRX766074,"X,2L,2R,3L,3R",100,100,98.5,13.3,CLARK
B38,B38,inbred_line,SRX766072,"X,2L,2R,3L,3R",100,100,66.4,13.2,CLARK
B42,B42,inbred_line,SRX766073,"X,2L,2R,3L,3R",100,100,64.5,12.9,CLARK
B43,B43,inbred_line,SRX766075,"X,2L,2R,3L,3R",100,100,65.2,12.6,CLARK
B51,B51,inbred_line,SRX766076,"X,2L,2R,3L,3R",100,100,65.3,12.2,CLARK
B52,B52,inbred_line,SRX766077,"X,2L,2R,3L,3R",100,100,65.5,13.4,CLARK
B54,B54,inbred_line,SRX766078,"X,2L,2R,3L,3R",100,100,78.9,13.6,CLARK
B59,B59,inbred_line,SRX766079,"X,2L,2R,3L,3R",100,100,47.2,10.8,CLARK
I01,I01,inbred_line,SRX766092,"X,2L,2R,3L,3R",100,100,47.9,14.9,CLARK
I02,I02,inbred_line,SRX766094,"X,2L,2R,3L,3R",100,100,113.9,14.8,CLARK
I03,I03,inbred_line,SRX766096,"X,2L,2R,3L,3R",100,100,82.1,15.2,CLARK
I04,I04,inbred_line,SRX766098,"X,2L,2R,3L,3R",100,100,88.8,11.2,CLARK
I06,I06,inbred_line,SRX766099,"X,2L,2R,3L,3R",100,100,77.6,10.9,CLARK
I07,I07,inbred_line,SRX766101,"X,2L,2R,3L,3R",100,100,100.0,13.7,CLARK
I13,I13,inbred_line,SRX766102,"X,2L,2R,3L,3R",100,100,103.1,15.2,CLARK
I16,I16,inbred_line,SRX766103,"X,2L,2R,3L,3R",100,100,114.3,10.2,CLARK
I17,I17,inbred_line,SRX766104,"X,2L,2R,3L,3R",100,100,70.4,15.6,CLARK
I22,I22,inbred_line,SRX766105,"X,2L,2R,3L,3R",100,100,67.7,14.0,CLARK
I23,I23,inbred_line,SRX766106,"X,2L,2R,3L,3R",100,100,35.7,15.5,CLARK
I24,I24,inbred_line,SRX766107,"X,2L,2R,3L,3R",100,100,81.3,13.9,CLARK
I26,I26,inbred_line,SRX766108,"X,2L,2R,3L,3R",100,100,60.2,10.9,CLARK
I29,I29,inbred_line,SRX766109,"X,2L,2R,3L,3R",100,100,85.4,15.9,CLARK
I31,I31,inbred_line,SRX766110,"X,2L,2R,3L,3R",100,100,111.2,12.3,CLARK
I33,I33,inbred_line,SRX766111,"X,2L,2R,3L,3R",100,100,112.9,12.0,CLARK
I34,I34,inbred_line,SRX766112,"X,2L,2R,3L,3R",100,100,117.5,11.9,CLARK
I35,I35,inbred_line,SRX766114,"X,2L,2R,3L,3R",100,100,91.8,12.1,CLARK
I38,I38,inbred_line,SRX766115,"X,2L,2R,3L,3R",100,100,115.6,13.9,CLARK
N01,N01,inbred_line,SRX766117,"X,2L,2R,3L,3R",100,100,115.6,11.7,CLARK
N02,N02,inbred_line,SRX766118,"X,2L,2R,3L,3R",100,100,95.1,12.6,CLARK
N03,N03,inbred_line,SRX766120,"X,2L,2R,3L,3R",100,100,103.9,11.7,CLARK
N04,N04,inbred_line,SRX766121,"X,2L,2R,3L,3R",100,100,117.2,11.7,CLARK
N07,N07,inbred_line,SRX766122,"X,2L,2R,3L,3R",100,100,88.8,11.8,CLARK
N10,N10,inbred_line,SRX766123,"X,2L,2R,3L,3R",100,100,80.2,12.3,CLARK
N11,N11,inbred_line,SRX766124,"X,2L,2R,3L,3R",100,100,79.5,11.5,CLARK
N13,N13,inbred_line,SRX766125,"X,2L,2R,3L,3R",100,100,79.1,9.3,CLARK
N14,N14,inbred_line,SRX766126,"X,2L,2R,3L,3R",100,100,85.5,11.6,CLARK
N15,N15,inbred_line,SRX766127,"X,2L,2R,3L,3R",100,100,116.3,9.9,CLARK
N16,N16,inbred_line,SRX766128,"X,2L,2R,3L,3R",100,100,67.8,12.0,CLARK
N17,N17,inbred_line,SRX766129,"X,2L,2R,3L,3R",100,100,70.6,10.4,CLARK
N18,N18,inbred_line,SRX766130,"X,2L,2R,3L,3R",100,100,105.3,11.6,CLARK
N19,N19,inbred_line,SRX766131,"X,2L,2R,3L,3R",100,100,106.2,11.3,CLARK
N22,N22,inbred_line,SRX766132,"X,2L,2R,3L,3R",100,100,98.6,11.5,CLARK
N23,N23,inbred_line,SRX766133,"X,2L,2R,3L,3R",100,100,84.1,11.7,CLARK
N25,N25,inbred_line,SRX766134,"X,2L,2R,3L,3R",100,100,92.1,10.8,CLARK
N29,N29,inbred_line,SRX766136,"X,2L,2R,3L,3R",100,100,91.8,9.5,CLARK
N30,N30,inbred_line,SRX766137,"X,2L,2R,3L,3R",100,100,100.3,11.4,CLARK
T01,T01,inbred_line,SRX766175,"X,2L,2R,3L,3R",100,100,115.8,11.5,CLARK
T04,T04,inbred_line,SRX766176,"X,2L,2R,3L,3R",100,100,65.9,12.0,CLARK
T05,T05,inbred_line,SRX766177,"X,2L,2R,3L,3R",100,100,107.6,10.0,CLARK
T07,T07,inbred_line,SRX766178,"X,2L,2R,3L,3R",100,100,71.4,12.1,CLARK
T09,T09,inbred_line,SRX766179,"X,2L,2R,3L,3R",100,100,78.3,11.6,CLARK
T10,T10,inbred_line,SRX766180,"X,2L,2R,3L,3R",100,100,80.1,12.1,CLARK
T14A,T14A,inbred_line,SRX766181,"X,2L,2R,3L,3R",100,100,92.4,12.6,CLARK
T22A,T22A,inbred_line,SRX766182,"X,2L,2R,3L,3R",100,100,101.0,10.9,CLARK
T23,T23,inbred_line,SRX766183,"X,2L,2R,3L,3R",100,100,98.0,9.9,CLARK
T24,T24,inbred_line,SRX766184,"X,2L,2R,3L,3R",100,100,82.3,11.1,CLARK
T25A,T25A,inbred_line,SRX766185,"X,2L,2R,3L,3R",100,100,77.7,10.6,CLARK
T29A,T29A,inbred_line,SRX766186,"X,2L,2R,3L,3R",100,100,113.0,12.5,CLARK
T30A,T30A,inbred_line,SRX766187,"X,2L,2R,3L,3R",100,100,67.9,12.0,CLARK
T35,T35,inbred_line,SRX766188,"X,2L,2R,3L,3R",100,100,72.7,10.9,CLARK
T36B,T36B,inbred_line,SRX766189,"X,2L,2R,3L,3R",100,100,55.5,11.8,CLARK
T39,T39,inbred_line,SRX766190,"X,2L,2R,3L,3R",100,100,83.9,11.9,CLARK
T43A,T43A,inbred_line,SRX766191,"X,2L,2R,3L,3R",100,100,69.8,10.2,CLARK
T45B,T45B,inbred_line,SRX766192,"X,2L,2R,3L,3R",100,100,85.2,10.5,CLARK
ZH23,ZH23,inbred_line,SRX766193,"X,2L,2R,3L,3R",100,100,83.6,11.5,CLARK
ZH26,ZH26,inbred_line,SRX766194,"X,2L,2R,3L,3R",100,100,41.2,11.7,CLARK
ZH33,ZH33,inbred_line,SRX766195,"X,2L,2R,3L,3R",100,100,63.9,12.1,CLARK
ZH42,ZH42,inbred_line,SRX766196,"X,2L,2R,3L,3R",100,100,37.6,13.4,CLARK
ZS10,ZS10,inbred_line,SRX766197,"X,2L,2R,3L,3R",100,100,49.5,11.6,CLARK
ZW09,ZW09,inbred_line,SRX766198,"X,2L,2R,3L,3R",100,100,37.2,12.4,CLARK
ZW139,ZW139,inbred_line,SRX766199,"X,2L,2R,3L,3R",100,100,53.2,12.9,CLARK
ZW140,ZW140,inbred_line,SRX766200,"X,2L,2R,3L,3R",100,100,62.9,12.7,CLARK
ZW142,ZW142,inbred_line,SRX766201,"X,2L,2R,3L,3R",100,100,63.8,12.5,CLARK
ZW144,ZW144,inbred_line,SRX766202,"X,2L,2R,3L,3R",100,100,62.2,11.9,CLARK
ZW155,ZW155,inbred_line,SRX766203,"X,2L,2R,3L,3R",100,100,82.0,12.2,CLARK
ZW177,ZW177,inbred_line,SRX766204,"X,2L,2R,3L,3R",100,100,64.8,12.2,CLARK
ZW184,ZW184,inbred_line,SRX766205,"X,2L,2R,3L,3R",100,100,117.1,12.3,CLARK
ZW185,ZW185,inbred_line,SRX766206,"X,2L,2R,3L,3R",100,100,37.5,12.3,CLARK
EA103N,EA103N,inbred_line,SRR3734062,"X,2L,2R,3L,3R",100,100,67.6,15.5,POOL
EA117N,EA117N,inbred_line,SRR3734063,"X,2L,2R,3L,3R",100,100,35.5,14.4,POOL
EA124N,EA124N,inbred_line,SRR3734064,"X,2L,2R,3L,3R",100,100,63.0,18.4,POOL
EA126N,EA126N,inbred_line,SRR3734065,"X,2L,2R,3L,3R",100,100,75.7,17.7,POOL
EA13N,EA13N,inbred_line,SRR3734066,"X,2L,2R,3L,3R",100,100,79.0,19.8,POOL
EA22N,EA22N,inbred_line,SRR3734067,"X,2L,2R,3L,3R",100,100,59.2,20.2,POOL
EA2N,EA2N,inbred_line,SRR3734068,"X,2L,2R,3L,3R",100,100,41.9,38.0,POOL
EA30N,EA30N,inbred_line,SRR3734069,"X,2L,2R,3L,3R",100,100,68.3,35.5,POOL
EA31N,EA31N,inbred_line,SRR3734070,"X,2L,2R,3L,3R",100,100,78.5,21.2,POOL
EA37N,EA37N,inbred_line,SRR3734071,"X,2L,2R,3L,3R",100,100,83.7,16.7,POOL
EA50N,EA50N,inbred_line,SRR3734072,"X,2L,2R,3L,3R",100,100,42.9,32.2,POOL
EA58N,EA58N,inbred_line,SRR3734073,"X,2L,2R,3L,3R",100,100,77.9,20.6,POOL
EA59N,EA59N,inbred_line,SRR3734074,"X,2L,2R,3L,3R",100,100,44.5,15.3,POOL
EA70N,EA70N,inbred_line,SRR3734075,"X,2L,2R,3L,3R",100,100,75.6,54.1,POOL
EA84N,EA84N,inbred_line,SRR3734076,"X,2L,2R,3L,3R",100,100,99.4,32.3,POOL
EA86N,EA86N,inbred_line,SRR3734077,"X,2L,2R,3L,3R",100,100,93.8,8.5,POOL
EA87N,EA87N,inbred_line,SRR3734078,"X,2L,2R,3L,3R",100,100,61.7,25.5,POOL
EA90N,EA90N,inbred_line,SRR3734079,"X,2L,2R,3L,3R",100,100,49.0,27.6,POOL
EA91N,EA91N,inbred_line,SRR3734080,"X,2L,2R,3L,3R",100,100,43.4,25.1,POOL
EA93N,EA93N,inbred_line,SRR3734081,"X,2L,2R,3L,3R",100,100,49.5,11.8,POOL
EF101N,EF101N,inbred_line,SRR3734082,"X,2L,2R,3L,3R",100,100,44.8,21.6,POOL
EF102N,EF102N,inbred_line,SRR3734083,"X,2L,2R,3L,3R",100,100,82.1,13.7,POOL
EF103N,EF103N,inbred_line,SRR3734084,"X,2L,2R,3L,3R",100,100,38.3,19.7,POOL
EF108N,EF108N,inbred_line,SRR3734085,"X,2L,2R,3L,3R",100,100,57.4,20.6,POOL
EF10N,EF10N,inbred_line,SRR3734086,"X,2L,2R,3L,3R",100,100,75.0,41.7,POOL
EF110N,EF110N,inbred_line,SRR3734087,"X,2L,2R,3L,3R",100,100,42.2,28.4,POOL
EF112N,EF112N,inbred_line,SRR3734088,"X,2L,2R,3L,3R",100,100,60.2,16.8,POOL
EF114N,EF114N,inbred_line,SRR3734089,"X,2L,2R,3L,3R",100,100,70.5,15.7,POOL
EF115N,EF115N,inbred_line,SRR3734090,"X,2L,2R,3L,3R",100,100,55.8,18.8,POOL
EF116N,EF116N,inbred_line,SRR3734091,"X,2L,2R,3L,3R",100,100,54.3,36.0,POOL
EF117N,EF117N,inbred_line,SRR3734092,"X,2L,2R,3L,3R",100,100,30.1,39.6,POOL
EF119N,EF119N,inbred_line,SRR3734093,"X,2L,2R,3L,3R",100,100,59.1,22.4,POOL
EF11N,EF11N,inbred_line,SRR3734094,"X,2L,2R,3L,3R",100,100,98.6,19.6,POOL
EF120N,EF120N,inbred_line,SRR3734095,"X,2L,2R,3L,3R",100,100,46.4,19.9,POOL
EF122N,EF122N,inbred_line,SRR3734096,"X,2L,2R,3L,3R",100,100,19.0,42.9,POOL
EF126N,EF126N,inbred_line,SRR3734097,"X,2L,2R,3L,3R",100,100,31.3,15.5,POOL
EF12N,EF12N,inbred_line,SRR3734098,"X,2L,2R,3L,3R",100,100,58.4,16.5,POOL
EF130N,EF130N,inbred_line,SRR3734099,"X,2L,2R,3L,3R",100,100,54.5,20.8,POOL
EF131N,EF131N,inbred_line,SRR3734100,"X,2L,2R,3L,3R",100,100,44.3,13.7,POOL
EF132N,EF132N,inbred_line,SRR3734101,"X,2L,2R,3L,3R",100,100,86.1,21.6,POOL
EF134N,EF134N,inbred_line,SRR3734102,"X,2L,2R,3L,3R",100,100,73.7,17.2,POOL
EF135N,EF135N,inbred_line,SRR3734103,"X,2L,2R,3L,3R",100,100,52.8,19.8,POOL
EF136N,EF136N,inbred_line,SRR3734104,"X,2L,2R,3L,3R",100,100,61.7,13.6,POOL
EF15N,EF15N,inbred_line,SRR3734105,"X,2L,2R,3L,3R",100,100,27.5,13.8,POOL
EF16N,EF16N,inbred_line,SRR3734106,"X,2L,2R,3L,3R",100,100,56.5,14.1,POOL
EF19N,EF19N,inbred_line,SRR3734107,"X,2L,2R,3L,3R",100,100,29.4,18.1,POOL
EF1N,EF1N,inbred_line,SRR3734108,"X,2L,2R,3L,3R",100,100,63.2,14.7,POOL
EF24N,EF24N,inbred_line,SRR3734109,"X,2L,2R,3L,3R",100,100,19.8,20.7,POOL
EF25N,EF25N,inbred_line,SRR3734110,"X,2L,2R,3L,3R",100,100,35.6,14.2,POOL
EF26N,EF26N,inbred_line,SRR3734111,"X,2L,2R,3L,3R",100,100,48.1,14.0,POOL
EF27N,EF27N,inbred_line,SRR3734112,"X,2L,2R,3L,3R",100,100,73.2,23.9,POOL
EF31N,EF31N,inbred_line,SRR3734113,"X,2L,2R,3L,3R",100,100,23.2,17.1,POOL
EF32N,EF32N,inbred_line,SRR3734114,"X,2L,2R,3L,3R",100,100,48.2,29.6,POOL
EF35N,EF35N,inbred_line,SRR3734115,"X,2L,2R,3L,3R",100,100,22.8,14.6,POOL
EF3N,EF3N,inbred_line,SRR3734116,"X,2L,2R,3L,3R",100,100,63.4,13.4,POOL
EF43N,EF43N,inbred_line,SRR3734117,"X,2L,2R,3L,3R",100,100,34.8,17.6,POOL
EF46N,EF46N,inbred_line,SRR3734118,"X,2L,2R,3L,3R",100,100,64.8,18.4,POOL
EF48N,EF48N,inbred_line,SRR3734119,"X,2L,2R,3L,3R",100,100,81.5,17.5,POOL
EF52N,EF52N,inbred_line,SRR3734120,"X,2L,2R,3L,3R",100,100,34.2,18.7,POOL
EF53N,EF53N,inbred_line,SRR3734121,"X,2L,2R,3L,3R",100,100,69.8,13.0,POOL
EF54N,EF54N,inbred_line,SRR3734122,"X,2L,2R,3L,3R",100,100,25.0,15.0,POOL
EF59N,EF59N,inbred_line,SRR3734123,"X,2L,2R,3L,3R",100,100,33.6,14.1,POOL
EF64N,EF64N,inbred_line,SRR3734124,"X,2L,2R,3L,3R",100,100,34.4,18.7,POOL
EF66N,EF66N,inbred_line,SRR3734125,"X,2L,2R,3L,3R",100,100,60.3,16.7,POOL
EF67N,EF67N,inbred_line,SRR3734126,"X,2L,2R,3L,3R",100,100,50.0,11.2,POOL
EF69N,EF69N,inbred_line,SRR3734127,"X,2L,2R,3L,3R",100,100,54.9,13.9,POOL
EF6N,EF6N,inbred_line,SRR3734128,"X,2L,2R,3L,3R",100,100,43.8,15.6,POOL
EF70N,EF70N,inbred_line,SRR3734129,"X,2L,2R,3L,3R",100,100,67.2,31.4,POOL
EF73N,EF73N,inbred_line,SRR3734130,"X,2L,2R,3L,3R",100,100,41.3,15.8,POOL
EF74N,EF74N,inbred_line,SRR3734131,"X,2L,2R,3L,3R",100,100,42.1,25.5,POOL
EF75N,EF75N,inbred_line,SRR3734132,"X,2L,2R,3L,3R",100,100,61.9,23.0,POOL
EF7N,EF7N,inbred_line,SRR3734133,"X,2L,2R,3L,3R",100,100,49.4,13.3,POOL
EF80N,EF80N,inbred_line,SRR3734134,"X,2L,2R,3L,3R",100,100,47.3,21.5,POOL
EF81N,EF81N,inbred_line,SRR3734135,"X,2L,2R,3L,3R",100,100,21.2,30.5,POOL
EF82N,EF82N,inbred_line,SRR3734136,"X,2L,2R,3L,3R",100,100,63.0,13.8,POOL
EF83N,EF83N,inbred_line,SRR3734137,"X,2L,2R,3L,3R",100,100,78.7,19.1,POOL
EF86N,EF86N,inbred_line,SRR3734138,"X,2L,2R,3L,3R",100,100,83.0,15.9,POOL
EF88N,EF88N,inbred_line,SRR3734139,"X,2L,2R,3L,3R",100,100,35.5,13.7,POOL
EF8N,EF8N,inbred_line,SRR3734140,"X,2L,2R,3L,3R",100,100,69.2,16.5,POOL
EF93N,EF93N,inbred_line,SRR3734141,"X,2L,2R,3L,3R",100,100,38.0,15.8,POOL
EF95N,EF95N,inbred_line,SRR3734142,"X,2L,2R,3L,3R",100,100,34.1,11.5,POOL
EF96N,EF96N,inbred_line,SRR3734143,"X,2L,2R,3L,3R",100,100,54.0,15.0,POOL
EF98N,EF98N,inbred_line,SRR3734144,"X,2L,2R,3L,3R",100,100,67.8,15.8,POOL
EF9N,EF9N,inbred_line,SRR3734145,"X,2L,2R,3L,3R",100,100,46.4,25.7,POOL
EG12N,EG12N,inbred_line,SRR3734146,"X,2L,2R,3L,3R",100,100,36.8,22.9,POOL
EG15N,EG15N,inbred_line,SRR3734148,"X,2L,2R,3L,3R",100,100,8.0,23.8,POOL
EG16N,EG16N,inbred_line,SRR3734149,"X,2L,2R,3L,3R",100,100,65.8,24.3,POOL
EG25N,EG25N,inbred_line,SRR3734150,"X,2L,2R,3L,3R",100,100,21.6,20.6,POOL
EG26N,EG26N,inbred_line,SRR3734151,"X,2L,2R,3L,3R",100,100,64.6,23.7,POOL
EG28N,EG28N,inbred_line,SRR3734152,"X,2L,2R,3L,3R",100,100,53.1,14.8,POOL
EG29N,EG29N,inbred_line,SRR3734153,"X,2L,2R,3L,3R",100,100,68.8,15.7,POOL
EG31N,EG31N,inbred_line,SRR3734154,"X,2L,2R,3L,3R",100,100,84.0,13.1,POOL
EG33N,EG33N,inbred_line,SRR3734155,"X,2L,2R,3L,3R",100,100,63.4,18.2,POOL
EG34N,EG34N,inbred_line,SRR3734156,"X,2L,2R,3L,3R",100,100,59.2,17.8,POOL
EG35N,EG35N,inbred_line,SRR3734157,"X,2L,2R,3L,3R",100,100,46.7,33.6,POOL
EG36N,EG36N,inbred_line,SRR3734158,"X,2L,2R,3L,3R",100,100,41.4,19.8,POOL
EG38N,EG38N,inbred_line,SRR3734159,"X,2L,2R,3L,3R",100,100,81.9,26.9,POOL
EG44N,EG44N,inbred_line,SRR3734161,"X,2L,2R,3L,3R",100,100,50.4,21.2,POOL
EG46N,EG46N,inbred_line,SRR3734162,"X,2L,2R,3L,3R",100,100,52.4,17.2,POOL
EG48N,EG48N,inbred_line,SRR3734163,"X,2L,2R,3L,3R",100,100,58.7,14.0,POOL
EG49N,EG49N,inbred_line,SRR3734164,"X,2L,2R,3L,3R",100,100,50.2,51.2,POOL
EG50N,EG50N,inbred_line,SRR3734165,"X,2L,2R,3L,3R",100,100,30.7,18.5,POOL
EG53N,EG53N,inbred_line,SRR3734166,"X,2L,2R,3L,3R",100,100,73.3,15.7,POOL
EG54N,EG54N,inbred_line,SRR3734167,"X,2L,2R,3L,3R",100,100,69.4,27.4,POOL
EG55N,EG55N,inbred_line,SRR3734168,"X,2L,2R,3L,3R",100,100,18.7,33.8,POOL
EG57N,EG57N,inbred_line,SRR3734169,"X,2L,2R,3L,3R",100,100,21.7,24.5,POOL
EG58N,EG58N,inbred_line,SRR3734170,"X,2L,2R,3L,3R",100,100,37.8,23.8,POOL
EG59N,EG59N,inbred_line,SRR3734171,"X,2L,2R,3L,3R",100,100,53.4,12.9,POOL
EG65N,EG65N,inbred_line,SRR3734172,"X,2L,2R,3L,3R",100,100,77.4,14.9,POOL
EG70N,EG70N,inbred_line,SRR3734173,"X,2L,2R,3L,3R",100,100,26.8,18.3,POOL
EG74N,EG74N,inbred_line,SRR3734175,"X,2L,2R,3L,3R",100,100,75.5,10.1,POOL
EG75N,EG75N,inbred_line,SRR3734176,"X,2L,2R,3L,3R",100,100,87.4,14.2,POOL
EG76N,EG76N,inbred_line,SRR3734177,"X,2L,2R,3L,3R",100,100,56.2,26.1,POOL
FR106N,FR106N,inbred_line,SRR3734178,"X,2L,2R,3L,3R",100,100,47.8,11.3,POOL
FR109N,FR109N,inbred_line,SRR3734179,"X,2L,2R,3L,3R",100,100,41.9,36.7,POOL
FR110N,FR110N,inbred_line,SRR3734180,"X,2L,2R,3L,3R",100,100,39.8,21.1,POOL
FR112N,FR112N,inbred_line,SRR3734181,"X,2L,2R,3L,3R",100,100,40.7,27.0,POOL
FR113N,FR113N,inbred_line,SRR3734182,"X,2L,2R,3L,3R",100,100,58.9,17.9,POOL
FR115N,FR115N,inbred_line,SRR3734183,"X,2L,2R,3L,3R",100,100,62.6,15.6,POOL
FR11N,FR11N,inbred_line,SRR3734184,"X,2L,2R,3L,3R",100,100,23.4,27.8,POOL
FR126N,FR126N,inbred_line,SRR3734185,"X,2L,2R,3L,3R",100,100,58.8,28.4,POOL
FR12N,FR12N,inbred_line,SRR3734187,"X,2L,2R,3L,3R",100,100,44.3,16.4,POOL
FR135N,FR135N,inbred_line,SRR3734188,"X,2L,2R,3L,3R",100,100,39.9,20.2,POOL
FR147N,FR147N,inbred_line,SRR3734189,"X,2L,2R,3L,3R",100,100,49.2,17.9,POOL
FR152N,FR152N,inbred_line,SRR3734190,"X,2L,2R,3L,3R",100,100,41.5,15.5,POOL
FR153N,FR153N,inbred_line,SRR3734191,"X,2L,2R,3L,3R",100,100,47.0,17.6,POOL
FR157N,FR157N,inbred_line,SRR3734192,"X,2L,2R,3L,3R",100,100,21.2,24.2,POOL
FR158N,FR158N,inbred_line,SRR3734193,"X,2L,2R,3L,3R",100,100,37.1,18.5,POOL
FR161N,FR161N,inbred_line,SRR3734194,"X,2L,2R,3L,3R",100,100,40.1,18.9,POOL
FR162N,FR162N,inbred_line,SRR3734195,"X,2L,2R,3L,3R",100,100,52.5,15.1,POOL
FR164N,FR164N,inbred_line,SRR3734196,"X,2L,2R,3L,3R",100,100,39.9,13.7,POOL
FR169N,FR169N,inbred_line,SRR3734197,"X,2L,2R,3L,3R",100,100,20.9,18.2,POOL
FR16N,FR16N,inbred_line,SRR3734198,"X,2L,2R,3L,3R",100,100,39.4,15.6,POOL
FR173N,FR173N,inbred_line,SRR3734199,"X,2L,2R,3L,3R",100,100,7.2,19.5,POOL
FR186N,FR186N,inbred_line,SRR3734200,"X,2L,2R,3L,3R",100,100,59.1,14.2,POOL
FR198N,FR198N,inbred_line,SRR3734201,"X,2L,2R,3L,3R",100,100,70.8,53.8,POOL
FR188N,FR188N,inbred_line,SRR3734202,"X,2L,2R,3L,3R",100,100,70.8,18.3,POOL
FR19N,FR19N,inbred_line,SRR3734203,"X,2L,2R,3L,3R",100,100,13.4,13.5,POOL
FR200N,FR200N,inbred_line,SRR3734204,"X,2L,2R,3L,3R",100,100,30.5,15.3,POOL
FR208N,FR208N,inbred_line,SRR3734205,"X,2L,2R,3L,3R",100,100,31.7,23.6,POOL
FR213N,FR213N,inbred_line,SRR3734206,"X,2L,2R,3L,3R",100,100,45.5,16.5,POOL
FR216N,FR216N,inbred_line,SRR3734207,"X,2L,2R,3L,3R",100,100,38.0,14.5,POOL
FR219N,FR219N,inbred_line,SRR3734208,"X,2L,2R,3L,3R",100,100,59.5,26.1,POOL
FR21N,FR21N,inbred_line,SRR3734209,"X,2L,2R,3L,3R",100,100,64.0,15.5,POOL
FR222N,FR222N,inbred_line,SRR3734210,"X,2L,2R,3L,3R",100,100,5.3,17.5,POOL
FR225N,FR225N,inbred_line,SRR3734211,"X,2L,2R,3L,3R",100,100,11.8,18.5,POOL
FR230N,FR230N,inbred_line,SRR3734212,"X,2L,2R,3L,3R",100,100,16.3,17.4,POOL
FR231N,FR231N,inbred_line,SRR3734213,"X,2L,2R,3L,3R",100,100,37.1,18.2,POOL
FR232N,FR232N,inbred_line,SRR3734214,"X,2L,2R,3L,3R",100,100,41.4,18.2,POOL
FR235N,FR235N,inbred_line,SRR3734215,"X,2L,2R,3L,3R",100,100,57.3,7.7,POOL
FR236N,FR236N,inbred_line,SRR3734216,"X,2L,2R,3L,3R",100,100,25.6,13.7,POOL
FR238N,FR238N,inbred_line,SRR3734217,"X,2L,2R,3L,3R",100,100,18.2,13.0,POOL
FR240N,FR240N,inbred_line,SRR3734218,"X,2L,2R,3L,3R",100,100,24.1,22.4,POOL
FR248N,FR248N,inbred_line,SRR3734219,"X,2L,2R,3L,3R",100,100,63.2,18.3,POOL
FR252N,FR252N,inbred_line,SRR3734220,"X,2L,2R,3L,3R",100,100,44.7,13.6,POOL
FR257N,FR257N,inbred_line,SRR3734221,"X,2L,2R,3L,3R",100,100,69.9,10.0,POOL
FR260N,FR260N,inbred_line,SRR3734222,"X,2L,2R,3L,3R",100,100,16.8,20.9,POOL
FR261N,FR261N,inbred_line,SRR3734223,"X,2L,2R,3L,3R",100,100,53.0,14.9,POOL
FR263N,FR263N,inbred_line,SRR3734224,"X,2L,2R,3L,3R",100,100,31.3,15.5,POOL
FR264N,FR264N,inbred_line,SRR3734225,"X,2L,2R,3L,3R",100,100,15.2,14.7,POOL
FR269N,FR269N,inbred_line,SRR3734226,"X,2L,2R,3L,3R",100,100,43.2,12.9,POOL
FR26N,FR26N,inbred_line,SRR3734227,"X,2L,2R,3L,3R",100,100,42.4,12.7,POOL
FR276N,FR276N,inbred_line,SRR3734228,"X,2L,2R,3L,3R",100,100,12.6,10.5,POOL
FR279N,FR279N,inbred_line,SRR3734229,"X,2L,2R,3L,3R",100,100,29.7,16.1,POOL
FR284N,FR284N,inbred_line,SRR3734230,"X,2L,2R,3L,3R",100,100,43.6,17.3,POOL
FR288N,FR288N,inbred_line,SRR3734231,"X,2L,2R,3L,3R",100,100,51.8,17.4,POOL
FR28N,FR28N,inbred_line,SRR3734232,"X,2L,2R,3L,3R",100,100,47.8,15.3,POOL
FR293N,FR293N,inbred_line,SRR3734233,"X,2L,2R,3L,3R",100,100,18.8,15.2,POOL
FR296N,FR296N,inbred_line,SRR3734234,"X,2L,2R,3L,3R",100,100,52.4,12.8,POOL
FR299N,FR299N,inbred_line,SRR3734235,"X,2L,2R,3L,3R",100,100,65.9,13.1,POOL
FR2N,FR2N,inbred_line,SRR3734236,"X,2L,2R,3L,3R",100,100,93.3,14.7,POOL
FR302N,FR302N,inbred_line,SRR3734237,"X,2L,2R,3L,3R",100,100,24.3,14.2,POOL
FR304N,FR304N,inbred_line,SRR3734238,"X,2L,2R,3L,3R",100,100,31.2,18.4,POOL
FR305N,FR305N,inbred_line,SRR3734239,"X,2L,2R,3L,3R",100,100,50.8,11.8,POOL
FR312N,FR312N,inbred_line,SRR3734240,"X,2L,2R,3L,3R",100,100,81.4,29.1,POOL
FR313N,FR313N,inbred_line,SRR3734241,"X,2L,2R,3L,3R",100,100,45.9,14.0,POOL
FR319N,FR319N,inbred_line,SRR3734242,"X,2L,2R,3L,3R",100,100,37.2,14.9,POOL
FR320N,FR320N,inbred_line,SRR3734243,"X,2L,2R,3L,3R",100,100,7.5,14.9,POOL
FR323N,FR323N,inbred_line,SRR3734244,"X,2L,2R,3L,3R",100,100,34.5,17.6,POOL
FR326N,FR326N,inbred_line,SRR3734245,"X,2L,2R,3L,3R",100,100,35.6,11.6,POOL
FR32N,FR32N,inbred_line,SRR3734246,"X,2L,2R,3L,3R",100,100,30.4,17.3,POOL
FR340N,FR340N,inbred_line,SRR3734248,"X,2L,2R,3L,3R",100,100,56.1,19.4,POOL
FR345N,FR345N,inbred_line,SRR3734249,"X,2L,2R,3L,3R",100,100,47.1,16.9,POOL
FR348N,FR348N,inbred_line,SRR3734250,"X,2L,2R,3L,3R",100,100,42.1,14.4,POOL
FR34N,FR34N,inbred_line,SRR3734251,"X,2L,2R,3L,3R",100,100,54.7,12.7,POOL
FR357N,FR357N,inbred_line,SRR3734252,"X,2L,2R,3L,3R",100,100,46.4,13.1,POOL
FR360N,FR360N,inbred_line,SRR3734253,"X,2L,2R,3L,3R",100,100,28.1,20.1,POOL
FR364N,FR364N,inbred_line,SRR3734254,"X,2L,2R,3L,3R",100,100,34.0,14.1,POOL
FR370N,FR370N,inbred_line,SRR3734255,"X,2L,2R,3L,3R",100,100,43.4,17.7,POOL
FR37N,FR37N,inbred_line,SRR3734256,"X,2L,2R,3L,3R",100,100,8.4,15.8,POOL
FR48N,FR48N,inbred_line,SRR3734257,"X,2L,2R,3L,3R",100,100,15.0,17.1,POOL
FR54N,FR54N,inbred_line,SRR3734258,"X,2L,2R,3L,3R",100,100,3.3,19.5,POOL
FR59N,FR59N,inbred_line,SRR3734259,"X,2L,2R,3L,3R",100,100,61.1,41.4,POOL
FR5N,FR5N,inbred_line,SRR3734260,"X,2L,2R,3L,3R",100,100,52.1,12.4,POOL
FR60N,FR60N,inbred_line,SRR3734261,"X,2L,2R,3L,3R",100,100,34.5,13.2,POOL
FR73N,FR73N,inbred_line,SRR3734262,"X,2L,2R,3L,3R",100,100,16.6,13.9,POOL
FR89N,FR89N,inbred_line,SRR3734263,"X,2L,2R,3L,3R",100,100,69.3,16.8,POOL
FR90N,FR90N,inbred_line,SRR3734265,"X,2L,2R,3L,3R",100,100,5.1,17.9,POOL
FR91N,FR91N,inbred_line,SRR3734266,"X,2L,2R,3L,3R",100,100,35.5,16.6,POOL
FR94N,FR94N,inbred_line,SRR3734267,"X,2L,2R,3L,3R",100,100,72.8,14.8,POOL
SD101N,SD101N,inbred_line,SRR3734268,"X,2L,2R,3L,3R",100,100,69.2,14.7,POOL
SD104N,SD104N,inbred_line,SRR3734269,"X,2L,2R,3L,3R",100,100,55.7,17.3,POOL
SD105N,SD105N,inbred_line,SRR3734270,"X,2L,2R,3L,3R",100,100,72.6,21.1,POOL
SD106N,SD106N,inbred_line,SRR3734271,"X,2L,2R,3L,3R",100,100,56.1,18.6,POOL
SD108N,SD108N,inbred_line,SRR3734272,"X,2L,2R,3L,3R",100,100,56.0,17.7,POOL
SD109N,SD109N,inbred_line,SRR3734273,"X,2L,2R,3L,3R",100,100,67.4,17.1,POOL
SD110N,SD110N,inbred_line,SRR3734274,"X,2L,2R,3L,3R",100,100,87.1,18.1,POOL
SD113N,SD113N,inbred_line,SRR3734275,"X,2L,2R,3L,3R",100,100,49.6,14.2,POOL
SD114N,SD114N,inbred_line,SRR3734276,"X,2L,2R,3L,3R",100,100,22.3,16.6,POOL
SD115N,SD115N,inbred_line,SRR3734277,"X,2L,2R,3L,3R",100,100,91.9,19.4,POOL
SD116N,SD116N,inbred_line,SRR3734278,"X,2L,2R,3L,3R",100,100,52.6,20.9,POOL
SD117N,SD117N,inbred_line,SRR3734279,"X,2L,2R,3L,3R",100,100,47.5,21.7,POOL
SD120N,SD120N,inbred_line,SRR3734280,"X,2L,2R,3L,3R",100,100,89.0,18.8,POOL
SD121N,SD121N,inbred_line,SRR3734281,"X,2L,2R,3L,3R",100,100,72.9,22.6,POOL
SD124N,SD124N,inbred_line,SRR3734282,"X,2L,2R,3L,3R",100,100,71.9,16.0,POOL
SD127N,SD127N,inbred_line,SRR3734283,"X,2L,2R,3L,3R",100,100,69.7,23.3,POOL
SD128N,SD128N,inbred_line,SRR3734284,"X,2L,2R,3L,3R",100,100,71.7,14.4,POOL
SD130N,SD130N,inbred_line,SRR3734285,"X,2L,2R,3L,3R",100,100,84.9,18.9,POOL
SD131N,SD131N,inbred_line,SRR3734286,"X,2L,2R,3L,3R",100,100,91.0,35.0,POOL
SD132N,SD132N,inbred_line,SRR3734287,"X,2L,2R,3L,3R",100,100,41.9,30.1,POOL
SD133N,SD133N,inbred_line,SRR3734288,"X,2L,2R,3L,3R",100,100,77.7,17.1,POOL
SD135N,SD135N,inbred_line,SRR3734289,"X,2L,2R,3L,3R",100,100,40.2,23.3,POOL
SD137N,SD137N,inbred_line,SRR3734291,"X,2L,2R,3L,3R",100,100,100.4,22.4,POOL
SD138N,SD138N,inbred_line,SRR3734292,"X,2L,2R,3L,3R",100,100,85.1,24.4,POOL
SD140N,SD140N,inbred_line,SRR3734293,"X,2L,2R,3L,3R",100,100,38.6,14.7,POOL
SD141N,SD141N,inbred_line,SRR3734294,"X,2L,2R,3L,3R",100,100,42.1,23.7,POOL
SD142N,SD142N,inbred_line,SRR3734295,"X,2L,2R,3L,3R",100,100,80.0,21.3,POOL
SD144N,SD144N,inbred_line,SRR3734296,"X,2L,2R,3L,3R",100,100,81.1,18.6,POOL
SD149N,SD149N,inbred_line,SRR3734297,"X,2L,2R,3L,3R",100,100,96.3,43.7,POOL
SD14N,SD14N,inbred_line,SRR3734298,"X,2L,2R,3L,3R",100,100,47.2,23.9,POOL
SD151N,SD151N,inbred_line,SRR3734300,"X,2L,2R,3L,3R",100,100,58.5,17.0,POOL
SD17N,SD17N,inbred_line,SRR3734301,"X,2L,2R,3L,3R",100,100,29.6,17.7,POOL
SD18N,SD18N,inbred_line,SRR3734302,"X,2L,2R,3L,3R",100,100,44.3,22.4,POOL
SD1N,SD1N,inbred_line,SRR3734303,"X,2L,2R,3L,3R",100,100,69.4,15.5,POOL
SD20N,SD20N,inbred_line,SRR3734304,"X,2L,2R,3L,3R",100,100,43.3,18.2,POOL
SD21N,SD21N,inbred_line,SRR3734305,"X,2L,2R,3L,3R",100,100,81.6,17.4,POOL
SD23N,SD23N,inbred_line,SRR3734306,"X,2L,2R,3L,3R",100,100,104.3,29.2,POOL
SD24N,SD24N,inbred_line,SRR3734307,"X,2L,2R,3L,3R",100,100,90.7,19.7,POOL
SD25N,SD25N,inbred_line,SRR3734308,"X,2L,2R,3L,3R",100,100,56.9,28.0,POOL
SD27N,SD27N,inbred_line,SRR3734309,"X,2L,2R,3L,3R",100,100,45.7,22.9,POOL
SD28N,SD28N,inbred_line,SRR3734310,"X,2L,2R,3L,3R",100,100,47.3,16.0,POOL
SD29N,SD29N,inbred_line,SRR3734311,"X,2L,2R,3L,3R",100,100,94.5,20.6,POOL
SD32N,SD32N,inbred_line,SRR3734312,"X,2L,2R,3L,3R",100,100,27.9,13.1,POOL
SD35N,SD35N,inbred_line,SRR3734313,"X,2L,2R,3L,3R",100,100,52.7,19.6,POOL
SD37N,SD37N,inbred_line,SRR3734314,"X,2L,2R,3L,3R",100,100,39.2,16.3,POOL
SD38N,SD38N,inbred_line,SRR3734315,"X,2L,2R,3L,3R",100,100,20.0,25.7,POOL
SD39N,SD39N,inbred_line,SRR3734316,"X,2L,2R,3L,3R",100,100,66.9,26.3,POOL
SD3N,SD3N,inbred_line,SRR3734317,"X,2L,2R,3L,3R",100,100,47.8,13.2,POOL
SD42N,SD42N,inbred_line,SRR3734318,"X,2L,2R,3L,3R",100,100,84.4,33.1,POOL
SD43N,SD43N,inbred_line,SRR3734319,"X,2L,2R,3L,3R",100,100,47.7,16.0,POOL
SD44N,SD44N,inbred_line,SRR3734320,"X,2L,2R,3L,3R",100,100,64.8,14.5,POOL
SD47N,SD47N,inbred_line,SRR3734321,"X,2L,2R,3L,3R",100,100,63.1,18.8,POOL
SD48N,SD48N,inbred_line,SRR3734322,"X,2L,2R,3L,3R",100,100,74.6,18.5,POOL
SD49N,SD49N,inbred_line,SRR3734323,"X,2L,2R,3L,3R",100,100,78.4,15.5,POOL
SD51N,SD51N,inbred_line,SRR3734324,"X,2L,2R,3L,3R",100,100,76.2,20.2,POOL
SD53N,SD53N,inbred_line,SRR3734325,"X,2L,2R,3L,3R",100,100,89.2,14.6,POOL
SD54N,SD54N,inbred_line,SRR3734326,"X,2L,2R,3L,3R",100,100,16.9,17.4,POOL
SD55N,SD55N,inbred_line,SRR3734327,"X,2L,2R,3L,3R",100,100,38.8,15.3,POOL
SD56N,SD56N,inbred_line,SRR3734328,"X,2L,2R,3L,3R",100,100,59.4,19.2,POOL
SD59N,SD59N,inbred_line,SRR3734329,"X,2L,2R,3L,3R",100,100,56.3,12.0,POOL
SD5N,SD5N,inbred_line,SRR3734330,"X,2L,2R,3L,3R",100,100,53.5,19.8,POOL
SD63N,SD63N,inbred_line,SRR3734331,"X,2L,2R,3L,3R",100,100,45.8,14.4,POOL
SD64N,SD64N,inbred_line,SRR3734333,"X,2L,2R,3L,3R",100,100,83.9,13.9,POOL
SD65N,SD65N,inbred_line,SRR3734334,"X,2L,2R,3L,3R",100,100,74.4,26.1,POOL
SD68N,SD68N,inbred_line,SRR3734335,"X,2L,2R,3L,3R",100,100,77.1,14.4,POOL
SD71N,SD71N,inbred_line,SRR3734336,"X,2L,2R,3L,3R",100,100,79.1,17.2,POOL
SD72N,SD72N,inbred_line,SRR3734337,"X,2L,2R,3L,3R",100,100,84.3,18.6,POOL
SD73N,SD73N,inbred_line,SRR3734338,"X,2L,2R,3L,3R",100,100,79.5,22.6,POOL
SD77N,SD77N,inbred_line,SRR3734339,"X,2L,2R,3L,3R",100,100,70.8,33.8,POOL
SD78N,SD78N,inbred_line,SRR3734340,"X,2L,2R,3L,3R",100,100,28.3,19.9,POOL
SD79N,SD79N,inbred_line,SRR3734341,"X,2L,2R,3L,3R",100,100,79.9,16.4,POOL
SD88N,SD88N,inbred_line,SRR3734342,"X,2L,2R,3L,3R",100,100,39.9,13.4,POOL
SD8N,SD8N,inbred_line,SRR3734343,"X,2L,2R,3L,3R",100,100,64.6,22.2,POOL
SD90N,SD90N,inbred_line,SRR3734344,"X,2L,2R,3L,3R",100,100,44.8,15.8,POOL
SD92N,SD92N,inbred_line,SRR3734345,"X,2L,2R,3L,3R",100,100,52.5,15.5,POOL
SD94N,SD94N,inbred_line,SRR3734346,"X,2L,2R,3L,3R",100,100,76.1,18.3,POOL
SP103N,SP103N,inbred_line,SRR3734347,"X,2L,2R,3L,3R",100,100,75.7,16.3,POOL
SP107N,SP107N,inbred_line,SRR3734348,"X,2L,2R,3L,3R",100,100,52.0,16.6,POOL
SP115N,SP115N,inbred_line,SRR3734349,"X,2L,2R,3L,3R",100,100,28.7,15.6,POOL
SP127N,SP127N,inbred_line,SRR3734350,"X,2L,2R,3L,3R",100,100,50.8,21.3,POOL
SP133N,SP133N,inbred_line,SRR3734351,"X,2L,2R,3L,3R",100,100,61.6,18.5,POOL
SP159N,SP159N,inbred_line,SRR3734353,"X,2L,2R,3L,3R",100,100,11.1,35.9,POOL
SP15N,SP15N,inbred_line,SRR3734354,"X,2L,2R,3L,3R",100,100,38.4,41.5,POOL
SP175N,SP175N,inbred_line,SRR3734355,"X,2L,2R,3L,3R",100,100,68.4,23.4,POOL
SP17N,SP17N,inbred_line,SRR3734356,"X,2L,2R,3L,3R",100,100,21.3,16.5,POOL
SP191N,SP191N,inbred_line,SRR3734357,"X,2L,2R,3L,3R",100,100,13.5,32.1,POOL
SP19N,SP19N,inbred_line,SRR3734358,"X,2L,2R,3L,3R",100,100,63.6,15.1,POOL
SP1N,SP1N,inbred_line,SRR3734359,"X,2L,2R,3L,3R",100,100,80.9,20.5,POOL
SP201N,SP201N,inbred_line,SRR3734360,"X,2L,2R,3L,3R",100,100,47.9,18.6,POOL
SP213N,SP213N,inbred_line,SRR3734361,"X,2L,2R,3L,3R",100,100,99.5,22.7,POOL
SP249N,SP249N,inbred_line,SRR3734362,"X,2L,2R,3L,3R",100,100,46.5,19.4,POOL
SP267N,SP267N,inbred_line,SRR3734363,"X,2L,2R,3L,3R",100,100,82.1,22.8,POOL
SP279N,SP279N,inbred_line,SRR3734364,"X,2L,2R,3L,3R",100,100,30.7,13.0,POOL
SP287N,SP287N,inbred_line,SRR3734365,"X,2L,2R,3L,3R",100,100,67.8,11.9,POOL
SP291N,SP291N,inbred_line,SRR3734366,"X,2L,2R,3L,3R",100,100,66.3,22.6,POOL
SP315N,SP315N,inbred_line,SRR3734367,"X,2L,2R,3L,3R",100,100,69.9,22.7,POOL
SP323N,SP323N,inbred_line,SRR3734368,"X,2L,2R,3L,3R",100,100,76.8,19.3,POOL
SP335N,SP335N,inbred_line,SRR3734369,"X,2L,2R,3L,3R",100,100,61.7,22.9,POOL
SP347N,SP347N,inbred_line,SRR3734370,"X,2L,2R,3L,3R",100,100,32.5,31.6,POOL
SP39N,SP39N,inbred_line,SRR3734371,"X,2L,2R,3L,3R",100,100,70.2,14.4,POOL
SP61N,SP61N,inbred_line,SRR3734372,"X,2L,2R,3L,3R",100,100,32.3,19.9,POOL
SP69N,SP69N,inbred_line,SRR3734373,"X,2L,2R,3L,3R",100,100,63.7,25.8,POOL
SP75N,SP75N,inbred_line,SRR3734374,"X,2L,2R,3L,3R",100,100,37.0,25.4,POOL
SP83N,SP83N,inbred_line,SRR3734375,"X,2L,2R,3L,3R",100,100,78.7,23.2,POOL
SP87N,SP87N,inbred_line,SRR3734376,"X,2L,2R,3L,3R",100,100,62.5,10.2,POOL
SP95N,SP95N,inbred_line,SRR3734377,"X,2L,2R,3L,3R",100,100,58.8,37.9,POOL
